DATEPRD,BORE_GAS_VOL
2008-02-12,38888.67
2008-02-13,285246.16
2008-02-14,509954.88
2008-02-15,383426.67
2008-02-16,418474.0
2008-02-17,422763.0
2008-02-18,413831.0
2008-02-19,429218.0
2008-02-20,442982.75
2008-02-21,423809.16
2008-02-22,397808.0
2008-02-23,252078.0
2008-02-24,442808.0
2008-02-25,439178.0
2008-02-26,446905.0
2008-02-27,445616.0
2008-02-28,424674.0
2008-02-29,450348.0
2008-03-01,447584.12
2008-03-02,446144.0
2008-03-03,443726.0
2008-03-04,430246.72
2008-03-05,437688.2
2008-03-06,432727.0
2008-03-07,391264.6
2008-03-08,365769.0
2008-03-09,427791.0
2008-03-10,440679.0
2008-03-11,450972.0
2008-03-12,418887.0
2008-03-13,458524.0
2008-03-14,428015.0
2008-03-15,454137.0
2008-03-16,454798.0
2008-03-17,470240.0
2008-03-18,425284.44
2008-03-19,454093.33
2008-03-20,467465.72
2008-03-21,458447.4
2008-03-22,458028.49
2008-03-23,466335.26
2008-03-24,468479.65
2008-03-25,406562.1
2008-03-26,113341.21
2008-03-27,0.0
2008-03-28,48936.44
2008-03-29,509074.88
2008-03-30,137396.4
2008-03-31,378532.95
2008-04-01,457837.18
2008-04-02,461808.99
2008-04-03,372985.57
2008-04-04,463717.13
2008-04-05,463529.9
2008-04-06,440906.09
2008-04-07,452369.44
2008-04-08,451030.48
2008-04-09,463595.31
2008-04-10,468712.0
2008-04-11,458936.65
2008-04-12,242280.01
2008-04-13,65731.44
2008-04-14,413142.56
2008-04-15,400308.2
2008-04-16,462314.88
2008-04-17,184080.6
2008-04-18,372536.86
2008-04-19,383126.44
2008-04-20,418498.59
2008-04-21,426345.05
2008-04-22,422378.97
2008-04-23,422115.01
2008-04-24,474459.4
2008-04-25,480456.7
2008-04-26,481822.53
2008-04-27,350826.25
2008-04-29,90823.83
2008-04-30,459764.68
2008-05-01,471209.85
2008-05-02,486368.03
2008-05-03,474305.4
2008-05-04,493120.0
2008-05-05,491322.97
2008-05-06,489872.38
2008-05-07,489343.07
2008-05-08,488607.46
2008-05-09,489393.88
2008-05-10,524276.14
2008-05-11,567340.44
2008-05-12,612762.21
2008-05-13,648380.88
2008-05-14,651572.53
2008-05-15,671084.55
2008-05-16,696343.43
2008-05-17,709992.17
2008-05-18,711699.89
2008-05-19,714081.05
2008-05-20,741919.56
2008-05-21,759588.91
2008-05-22,760577.09
2008-05-23,760297.25
2008-05-24,762332.85
2008-05-25,764673.62
2008-05-26,766791.37
2008-05-27,767889.19
2008-05-28,767413.36
2008-05-29,770161.99
2008-05-30,589150.0
2008-05-31,0.0
2008-06-01,11729.2
2008-06-02,603534.04
2008-06-03,755898.39
2008-06-04,764495.52
2008-06-05,768018.95
2008-06-06,763388.73
2008-06-07,761308.55
2008-06-08,761089.16
2008-06-09,762129.8
2008-06-10,761130.49
2008-06-11,760260.45
2008-06-12,757005.32
2008-06-13,754387.87
2008-06-14,651120.47
2008-06-15,763089.71
2008-06-16,764342.55
2008-06-17,756365.89
2008-06-18,765784.34
2008-06-19,766175.86
2008-06-20,702550.38
2008-06-21,750094.0
2008-06-22,769091.42
2008-06-23,765622.03
2008-06-24,766123.1
2008-06-25,767514.63
2008-06-26,639125.35
2008-06-27,762147.27
2008-06-28,711222.19
2008-06-29,768245.7
2008-06-30,659342.57
2008-07-01,599295.69
2008-07-02,766478.4
2008-07-03,762466.05
2008-07-04,761637.18
2008-07-05,761985.49
2008-07-06,762728.95
2008-07-07,764020.22
2008-07-08,764104.54
2008-07-09,762917.06
2008-07-10,691133.54
2008-07-11,426766.13
2008-07-12,151768.25
2008-07-13,858289.13
2008-07-14,662383.83
2008-07-15,1009216.13
2008-07-16,969003.9
2008-07-17,956946.01
2008-07-18,885046.0
2008-07-19,902696.03
2008-07-20,875387.74
2008-07-21,868833.02
2008-07-22,864433.0
2008-07-23,866873.5700000001
2008-07-24,884414.1499999999
2008-07-25,863048.79
2008-07-26,866618.47
2008-07-27,865453.0800000001
2008-07-28,866166.69
2008-07-29,881439.29
2008-07-30,874781.64
2008-07-31,858970.88
2008-08-01,894413.88
2008-08-02,894571.3400000001
2008-08-03,894381.3
2008-08-04,893295.27
2008-08-05,895492.6200000001
2008-08-06,269325.75
2008-08-08,210148.12
2008-08-09,1085545.73
2008-08-10,1178432.52
2008-08-11,1182739.74
2008-08-12,1191856.78
2008-08-13,1170766.2799999998
2008-08-14,1201309.83
2008-08-15,1212947.81
2008-08-16,1321742.04
2008-08-17,1339211.4
2008-08-18,1364086.03
2008-08-19,1362190.95
2008-08-20,1318397.29
2008-08-21,1071124.8900000001
2008-08-22,290174.27
2008-08-23,291279.7
2008-08-24,294693.68
2008-08-25,293955.38
2008-08-26,293973.81
2008-08-27,295564.57
2008-08-28,305319.46
2008-08-29,318561.33
2008-08-30,297315.78
2008-08-31,290723.03
2008-09-01,284059.33
2008-09-02,304456.81
2008-09-03,298774.41
2008-09-04,302139.38
2008-09-05,305847.41
2008-09-06,304384.42
2008-09-07,304483.02
2008-09-08,307759.23
2008-09-09,194403.17
2008-09-10,814062.6200000001
2008-09-11,1292872.37
2008-09-12,1255717.78
2008-09-13,1314724.31
2008-09-14,1314399.1400000001
2008-09-15,1314724.26
2008-09-16,1306719.9100000001
2008-09-17,1294365.06
2008-09-18,933337.9099999999
2008-09-19,972375.94
2008-09-20,1280589.99
2008-09-21,1050686.8399999999
2008-09-22,1074777.48
2008-09-23,1273977.65
2008-09-24,1271850.29
2008-09-25,1242907.97
2008-09-26,1281219.18
2008-09-27,1161930.18
2008-09-28,1217835.04
2008-09-29,1263375.78
2008-09-30,987702.28
2008-10-01,1266796.32
2008-10-02,1260856.13
2008-10-03,1258333.44
2008-10-04,1084777.3599999999
2008-10-05,1244869.02
2008-10-06,780067.5800000001
2008-10-07,986721.37
2008-10-08,985244.05
2008-10-09,982081.3300000001
2008-10-10,985869.24
2008-10-11,993954.17
2008-10-12,995032.79
2008-10-13,994838.9099999999
2008-10-14,994539.78
2008-10-15,993880.26
2008-10-16,994225.5700000001
2008-10-17,994505.6299999999
2008-10-18,1036898.8899999999
2008-10-19,1008634.04
2008-10-20,1005985.75
2008-10-21,1003192.2
2008-10-22,1148975.24
2008-10-23,1143901.1800000002
2008-10-24,1160574.69
2008-10-25,1166808.31
2008-10-26,1205208.09
2008-10-27,1169761.0899999999
2008-10-28,1267733.3399999999
2008-10-29,1093772.92
2008-10-30,1273208.2
2008-10-31,1276453.3800000001
2008-11-01,1043250.47
2008-11-02,1163464.75
2008-11-03,1227498.34
2008-11-04,1236697.9500000002
2008-11-05,1223843.17
2008-11-06,1234206.93
2008-11-07,1198268.57
2008-11-08,1207030.6199999999
2008-11-09,1222925.9100000001
2008-11-10,1211402.1600000001
2008-11-11,1216693.15
2008-11-12,1218646.73
2008-11-13,1220748.93
2008-11-14,1223789.57
2008-11-15,1224616.6199999999
2008-11-16,1222801.29
2008-11-17,1225514.05
2008-11-18,1221311.03
2008-11-19,1238520.1199999999
2008-11-20,1227744.92
2008-11-21,992277.54
2008-11-22,1234776.18
2008-11-23,1148452.4
2008-11-24,1201849.71
2008-11-25,1252690.13
2008-11-26,1293432.19
2008-11-27,1304056.0699999998
2008-11-28,642783.2
2008-11-29,1158212.1099999999
2008-11-30,1305637.46
2008-12-01,1221533.42
2008-12-02,1227395.95
2008-12-03,1295682.1800000002
2008-12-04,1298682.21
2008-12-05,1271295.67
2008-12-06,1293013.85
2008-12-07,1303787.81
2008-12-08,1213539.53
2008-12-09,1240496.3900000001
2008-12-10,1300753.04
2008-12-11,1249577.32
2008-12-12,1289876.0899999999
2008-12-13,1295515.33
2008-12-14,1303936.8399999999
2008-12-15,1307167.81
2008-12-16,1305826.8399999999
2008-12-17,1302197.7
2008-12-18,1315346.65
2008-12-19,1315692.4300000002
2008-12-20,1310079.43
2008-12-21,1305777.19
2008-12-22,1306550.45
2008-12-23,1306798.65
2008-12-24,1308788.6600000001
2008-12-25,1306721.99
2008-12-26,1308522.56
2008-12-27,1312501.58
2008-12-28,1311256.28
2008-12-29,1309810.7
2008-12-30,1309588.58
2008-12-31,1314902.06
2009-01-01,1314317.52
2009-01-02,1294961.17
2009-01-03,1159584.41
2009-01-04,1294375.16
2009-01-05,1321530.08
2009-01-06,1067297.22
2009-01-07,1325814.12
2009-01-08,1291566.4
2009-01-09,1188110.75
2009-01-10,1312968.01
2009-01-11,1305950.34
2009-01-12,1305200.76
2009-01-13,1292639.51
2009-01-14,1301665.32
2009-01-15,1290969.52
2009-01-16,1290501.75
2009-01-17,1261787.67
2009-01-18,1286867.63
2009-01-19,1299201.2
2009-01-20,1284841.87
2009-01-21,1193304.48
2009-01-22,1287503.1
2009-01-23,1289622.31
2009-01-24,1304108.01
2009-01-25,1292064.25
2009-01-26,1285999.8
2009-01-27,1286541.1
2009-01-28,1081746.77
2009-01-29,906000.97
2009-01-30,1279144.06
2009-01-31,1277494.0899999999
2009-02-01,1084688.53
2009-02-02,1277883.62
2009-02-03,1279069.44
2009-02-04,856299.57
2009-02-05,1271593.37
2009-02-06,1281981.81
2009-02-07,1036337.86
2009-02-08,1260952.75
2009-02-09,1139024.69
2009-02-10,1316313.51
2009-02-11,1266015.49
2009-02-12,1272075.03
2009-02-13,1066410.1300000001
2009-02-14,1263510.98
2009-02-15,1239957.3599999999
2009-02-16,1130232.25
2009-02-17,1281580.25
2009-02-18,1271066.58
2009-02-19,1268740.8199999998
2009-02-20,1267665.15
2009-02-21,967881.49
2009-02-22,1256601.9
2009-02-23,1262472.8399999999
2009-02-24,1262870.22
2009-02-25,1037558.75
2009-02-26,1258769.49
2009-02-27,1248555.01
2009-02-28,1255320.0899999999
2009-03-01,1264123.77
2009-03-02,1277471.82
2009-03-03,1274664.12
2009-03-04,1261743.18
2009-03-05,629001.25
2009-03-06,1051569.83
2009-03-07,798357.23
2009-03-08,716314.08
2009-03-09,623624.8200000001
2009-03-10,1019428.75
2009-03-11,921296.85
2009-03-12,1149010.02
2009-03-13,746772.8
2009-03-14,639509.9
2009-03-15,803055.1100000001
2009-03-16,953592.55
2009-03-17,778638.78
2009-03-18,1120179.79
2009-03-19,1161626.8399999999
2009-03-20,1221857.9
2009-03-21,1239379.82
2009-03-22,1237965.17
2009-03-23,1221510.68
2009-03-24,1218897.5
2009-03-25,175285.45
2009-03-26,0.0
2009-03-27,0.0
2009-03-28,0.0
2009-03-29,0.0
2009-03-30,73801.33
2009-03-31,1247330.87
2009-04-01,1245080.94
2009-04-02,1256243.37
2009-04-03,1261919.56
2009-04-04,1238840.25
2009-04-05,1187688.5
2009-04-06,807878.22
2009-04-07,824316.37
2009-04-08,1114794.81
2009-04-09,1020179.05
2009-04-10,802954.13
2009-04-11,796029.24
2009-04-12,1031627.74
2009-04-13,1225250.38
2009-04-14,1226213.19
2009-04-15,878357.3799999999
2009-04-16,1040397.33
2009-04-17,1199331.1400000001
2009-04-18,922746.8699999999
2009-04-19,813290.28
2009-04-20,1203397.93
2009-04-21,1202474.25
2009-04-22,950658.1399999999
2009-04-23,1193655.55
2009-04-24,1196691.69
2009-04-25,1202000.12
2009-04-26,1203969.02
2009-04-27,1203232.3900000001
2009-04-28,1201377.27
2009-04-29,1202361.25
2009-04-30,1204807.63
2009-05-01,1206327.6400000001
2009-05-02,1201548.72
2009-05-03,1203928.05
2009-05-04,106156.78
2009-05-06,930326.1799999999
2009-05-07,1160506.83
2009-05-08,1198832.65
2009-05-09,1199188.07
2009-05-10,1226021.44
2009-05-11,1227821.13
2009-05-12,1227323.13
2009-05-13,1215183.33
2009-05-14,1222293.45
2009-05-15,1232193.93
2009-05-16,1237057.33
2009-05-17,1240037.77
2009-05-18,1241427.95
2009-05-19,1242186.08
2009-05-20,1241330.44
2009-05-21,1243458.04
2009-05-22,1249669.8900000001
2009-05-23,1223871.17
2009-05-24,1221090.76
2009-05-25,1221091.06
2009-05-26,1227033.08
2009-05-27,1229945.48
2009-05-28,1232525.6600000001
2009-05-29,1250572.39
2009-05-30,1227761.44
2009-05-31,1224692.3900000001
2009-06-01,1231628.68
2009-06-02,1229512.49
2009-06-03,1213404.53
2009-06-04,1207860.65
2009-06-05,1214378.37
2009-06-06,899236.96
2009-06-07,1163719.1099999999
2009-06-08,1197410.27
2009-06-09,1193800.31
2009-06-10,1187267.73
2009-06-11,990140.03
2009-06-12,1180845.55
2009-06-13,996792.44
2009-06-14,865589.81
2009-06-15,918585.9299999999
2009-06-16,1141799.38
2009-06-17,1151129.6
2009-06-18,1168764.77
2009-06-19,1187637.57
2009-06-20,1220110.5099999998
2009-06-21,855169.45
2009-06-22,847638.19
2009-06-23,858386.33
2009-06-24,859148.55
2009-06-25,784675.3200000001
2009-06-26,656652.6799999999
2009-06-27,625576.72
2009-06-28,621680.75
2009-06-29,631384.13
2009-06-30,629429.95
2009-07-01,629847.7
2009-07-02,625695.89
2009-07-03,622362.19
2009-07-04,618802.54
2009-07-05,619410.11
2009-07-06,780088.98
2009-07-07,777929.8400000001
2009-07-08,767360.05
2009-07-09,767824.01
2009-07-10,763978.17
2009-07-11,766959.16
2009-07-12,772154.11
2009-07-13,783658.8200000001
2009-07-14,776197.77
2009-07-15,763097.5
2009-07-16,758666.37
2009-07-17,769955.5800000001
2009-07-18,618908.99
2009-07-19,624194.95
2009-07-20,791876.44
2009-07-21,857383.66
2009-07-22,861504.03
2009-07-23,851823.26
2009-07-24,841494.98
2009-07-25,860537.89
2009-07-26,859633.9099999999
2009-07-27,851523.88
2009-07-28,866284.9
2009-07-29,868543.6000000001
2009-07-30,870990.3
2009-07-31,861138.11
2009-08-01,863926.8300000001
2009-08-02,378552.41000000003
2009-08-04,13300.02
2009-08-05,1039828.3600000001
2009-08-06,1240440.72
2009-08-07,1195541.8
2009-08-08,655068.9299999999
2009-08-09,1279498.58
2009-08-10,1301580.8900000001
2009-08-11,1252247.07
2009-08-12,1231681.9
2009-08-13,1232652.6600000001
2009-08-14,1236914.7000000002
2009-08-15,1244053.1
2009-08-16,1249099.46
2009-08-17,1252473.1400000001
2009-08-18,1252956.0899999999
2009-08-19,1255507.6
2009-08-20,1257824.56
2009-08-21,1255429.65
2009-08-22,1254543.1800000002
2009-08-23,1254385.19
2009-08-24,1260859.17
2009-08-25,1288677.22
2009-08-26,577157.64
2009-08-27,992160.1799999999
2009-08-28,1251747.76
2009-08-29,676211.89
2009-08-30,682081.46
2009-08-31,414569.61
2009-09-02,0.0
2009-09-03,0.0
2009-09-04,39397.99
2009-09-05,422755.48
2009-09-06,606835.5700000001
2009-09-07,1024487.07
2009-09-08,1147160.1800000002
2009-09-09,1247751.1400000001
2009-09-10,1243078.65
2009-09-11,1243952.38
2009-09-12,1247541.04
2009-09-13,1251186.12
2009-09-14,1249768.66
2009-09-15,1250999.79
2009-09-16,1267291.35
2009-09-17,1258523.25
2009-09-18,1261176.1400000001
2009-09-19,1253505.54
2009-09-20,1246876.32
2009-09-21,1264058.6
2009-09-22,1260470.31
2009-09-23,1257110.29
2009-09-24,1253259.25
2009-09-25,1254458.37
2009-09-26,565119.53
2009-09-27,1291.91
2009-09-28,0.0
2009-09-29,0.0
2009-09-30,0.0
2009-10-01,593640.05
2009-10-02,1190157.04
2009-10-03,1246548.98
2009-10-04,1253058.0
2009-10-05,1232288.3900000001
2009-10-06,957141.41
2009-10-07,1179982.42
2009-10-08,1156698.65
2009-10-09,1117396.0
2009-10-10,1127358.74
2009-10-11,1121686.71
2009-10-12,1124668.28
2009-10-13,907498.29
2009-10-14,1088420.01
2009-10-15,895071.79
2009-10-16,1188982.87
2009-10-17,329499.08999999997
2009-10-18,930940.9099999999
2009-10-19,1126216.12
2009-10-20,1121654.24
2009-10-21,1119793.69
2009-10-22,1118572.47
2009-10-23,389107.63
2009-10-24,73946.75
2009-10-25,1058361.68
2009-10-26,1131395.77
2009-10-27,1131945.31
2009-10-28,1123390.03
2009-10-29,1045702.53
2009-10-30,1176389.85
2009-10-31,1118765.4
2009-11-01,1129606.15
2009-11-02,1125117.1800000002
2009-11-03,1132184.91
2009-11-04,812786.25
2009-11-05,1128746.97
2009-11-06,1122984.34
2009-11-07,1130099.65
2009-11-08,1134166.48
2009-11-09,1008828.61
2009-11-10,1072805.4
2009-11-11,1128885.3
2009-11-12,1129206.6300000001
2009-11-13,1138301.1600000001
2009-11-14,1129993.3699999999
2009-11-15,1130419.99
2009-11-16,1130362.01
2009-11-17,1132288.78
2009-11-18,1139166.0
2009-11-19,1137305.1800000002
2009-11-20,944715.02
2009-11-21,1141257.71
2009-11-22,1135698.88
2009-11-23,920711.6699999999
2009-11-24,969386.54
2009-11-25,1123764.24
2009-11-26,1130827.63
2009-11-27,1129986.05
2009-11-28,1127282.0
2009-11-29,1202139.8900000001
2009-11-30,1184443.25
2009-12-01,1178419.85
2009-12-02,1184285.44
2009-12-03,1180849.88
2009-12-04,1185056.52
2009-12-05,1126962.48
2009-12-06,1170220.5699999998
2009-12-07,1174195.2000000002
2009-12-08,1172972.55
2009-12-09,1175279.33
2009-12-10,1178473.39
2009-12-11,1175878.32
2009-12-12,1171702.85
2009-12-13,1115030.15
2009-12-14,1163059.79
2009-12-15,1192367.4
2009-12-16,1154707.6099999999
2009-12-17,1092730.58
2009-12-18,643374.37
2009-12-19,715820.6000000001
2009-12-20,964038.3200000001
2009-12-21,1162086.61
2009-12-22,1166185.95
2009-12-23,1163050.8800000001
2009-12-24,1162226.15
2009-12-25,1032027.1299999999
2009-12-26,1136926.92
2009-12-27,1159031.67
2009-12-28,1144376.79
2009-12-29,1144734.68
2009-12-30,1143464.35
2009-12-31,1184233.9
2010-01-01,1151023.96
2010-01-02,1151575.49
2010-01-03,1129476.8900000001
2010-01-04,1110068.78
2010-01-05,1116758.1600000001
2010-01-06,1115844.02
2010-01-07,1111150.14
2010-01-08,1110082.77
2010-01-09,929756.5700000001
2010-01-10,1103268.6
2010-01-11,1103395.17
2010-01-12,1101418.19
2010-01-13,1097333.94
2010-01-14,1091755.71
2010-01-15,1090927.88
2010-01-16,1076447.73
2010-01-17,1062145.3699999999
2010-01-18,1050353.08
2010-01-19,1041550.76
2010-01-20,1034891.4299999999
2010-01-21,1030417.47
2010-01-22,1027926.55
2010-01-23,867727.97
2010-01-24,998955.75
2010-01-25,1018397.6200000001
2010-01-26,918427.1499999999
2010-01-27,977847.14
2010-01-28,984413.8
2010-01-29,1001048.56
2010-01-30,1002374.72
2010-01-31,999144.57
2010-02-01,994284.71
2010-02-02,975914.5900000001
2010-02-03,986212.8700000001
2010-02-04,940507.9099999999
2010-02-05,962213.6000000001
2010-02-06,957249.7
2010-02-07,948231.5700000001
2010-02-08,976022.47
2010-02-09,967636.27
2010-02-10,954236.93
2010-02-11,927071.99
2010-02-12,864207.58
2010-02-13,847704.3300000001
2010-02-14,497364.25
2010-02-15,418890.54000000004
2010-02-16,948922.8400000001
2010-02-17,933433.19
2010-02-18,751686.83
2010-02-19,925603.87
2010-02-20,908322.85
2010-02-21,917006.0700000001
2010-02-22,912653.3400000001
2010-02-23,804971.1100000001
2010-02-24,929212.0900000001
2010-02-25,710394.48
2010-02-26,651300.23
2010-02-27,660582.02
2010-03-02,3684.87
2010-03-03,770054.3
2010-03-04,896334.31
2010-03-05,898145.78
2010-03-06,762337.37
2010-03-08,493700.69999999995
2010-03-09,931168.0900000001
2010-03-10,912781.8799999999
2010-03-11,820423.77
2010-03-12,648097.5700000001
2010-03-13,919754.0800000001
2010-03-14,927504.3799999999
2010-03-15,905551.02
2010-03-16,873753.0
2010-03-17,866208.0
2010-03-18,909837.01
2010-03-19,861368.53
2010-03-20,851285.8500000001
2010-03-21,843437.1
2010-03-22,852632.9299999999
2010-03-23,874668.5700000001
2010-03-24,866306.48
2010-03-25,866991.0
2010-03-26,866132.3300000001
2010-03-27,867290.0
2010-03-28,830436.8200000001
2010-03-29,865371.0599999999
2010-03-30,858715.62
2010-03-31,856351.74
2010-04-01,119260.91
2010-04-02,611888.37
2010-04-03,776466.64
2010-04-04,864467.79
2010-04-05,850460.2
2010-04-06,837683.69
2010-04-07,837008.9
2010-04-08,831083.77
2010-04-09,810242.73
2010-04-10,799857.59
2010-04-11,793125.0
2010-04-12,797557.6
2010-04-13,798077.09
2010-04-14,791460.29
2010-04-15,790593.67
2010-04-16,794253.9199999999
2010-04-17,718471.6599999999
2010-04-18,789718.65
2010-04-19,807326.05
2010-04-20,798979.9299999999
2010-04-21,791303.0800000001
2010-04-22,784002.63
2010-04-23,792844.5
2010-04-24,738504.64
2010-04-25,681859.27
2010-04-26,552945.02
2010-04-27,798095.3400000001
2010-04-28,589708.53
2010-04-29,687803.89
2010-04-30,814565.0
2010-05-01,815839.06
2010-05-02,816819.78
2010-05-03,817706.62
2010-05-04,641478.01
2010-05-05,795703.0
2010-05-06,802783.0800000001
2010-05-07,805259.76
2010-05-08,802030.91
2010-05-09,798611.01
2010-05-10,795630.99
2010-05-11,793728.9099999999
2010-05-12,762534.8899999999
2010-05-13,704354.14
2010-05-14,790175.6000000001
2010-05-15,789028.28
2010-05-16,786587.95
2010-05-17,786504.98
2010-05-18,782005.9
2010-05-19,775332.87
2010-05-20,767986.23
2010-05-21,764315.19
2010-05-22,766419.34
2010-05-23,759204.27
2010-05-24,760393.4099999999
2010-05-25,759756.6200000001
2010-05-26,756624.6299999999
2010-05-27,741177.72
2010-05-28,649133.55
2010-05-29,743639.9099999999
2010-05-30,700221.21
2010-05-31,429689.39
2010-06-01,513885.57999999996
2010-06-02,723104.08
2010-06-03,730711.61
2010-06-04,734132.79
2010-06-05,736404.45
2010-06-06,734662.3
2010-06-07,726999.3
2010-06-08,722452.53
2010-06-09,722760.8999999999
2010-06-10,706885.12
2010-06-11,719841.03
2010-06-12,718604.86
2010-06-13,722395.6599999999
2010-06-14,713880.03
2010-06-15,703963.25
2010-06-16,693161.38
2010-06-17,698027.27
2010-06-18,697172.01
2010-06-19,565967.94
2010-06-20,684486.82
2010-06-21,683944.89
2010-06-22,681876.13
2010-06-23,680104.5
2010-06-24,670815.75
2010-06-25,673272.81
2010-06-26,668893.64
2010-06-27,670307.52
2010-06-28,669087.12
2010-06-29,668058.45
2010-06-30,665251.3500000001
2010-07-01,665100.1
2010-07-02,656503.86
2010-07-03,656503.86
2010-07-04,645396.94
2010-07-05,641632.5
2010-07-06,648385.49
2010-07-07,640520.14
2010-07-08,637704.8
2010-07-09,636051.8600000001
2010-07-10,492940.0
2010-07-11,607233.07
2010-07-12,625344.53
2010-07-13,635593.74
2010-07-14,634386.6100000001
2010-07-15,634635.0
2010-07-16,634386.78
2010-07-17,632008.65
2010-07-18,628930.26
2010-07-19,625989.61
2010-07-20,626586.28
2010-07-21,624726.81
2010-07-22,623073.47
2010-07-23,617517.78
2010-07-24,614084.44
2010-07-25,613209.49
2010-07-26,610254.37
2010-07-27,612545.64
2010-07-28,610778.38
2010-07-29,609866.71
2010-07-30,607657.3999999999
2010-07-31,607362.55
2010-08-01,605973.33
2010-08-02,607413.76
2010-08-03,606700.53
2010-08-04,606774.06
2010-08-05,530107.2999999999
2010-08-06,594648.01
2010-08-07,507578.89
2010-08-08,596481.58
2010-08-09,599061.63
2010-08-10,599384.0800000001
2010-08-11,599045.49
2010-08-12,600057.26
2010-08-13,600519.65
2010-08-14,598981.77
2010-08-15,575535.02
2010-08-17,0.0
2010-08-20,0.0
2010-08-21,0.0
2010-08-22,0.0
2010-08-23,0.0
2010-08-25,0.0
2010-08-26,0.0
2010-08-27,0.0
2010-08-28,535.16
2010-08-29,318162.82999999996
2010-08-30,389464.33
2010-08-31,353331.85
2010-09-01,356904.47
2010-09-02,812353.9
2010-09-03,629130.54
2010-09-04,646707.01
2010-09-05,639299.29
2010-09-06,609212.48
2010-09-07,637092.65
2010-09-08,636024.79
2010-09-09,641405.5
2010-09-10,640485.75
2010-09-11,579981.77
2010-09-12,317016.57
2010-09-13,469736.44
2010-09-14,340278.0
2010-09-15,324494.45
2010-09-16,392884.22
2010-09-17,594660.7
2010-09-18,375624.75
2010-09-19,294135.69
2010-09-20,353140.36
2010-09-21,384985.3
2010-09-22,455530.81
2010-09-23,399923.7
2010-09-24,658079.03
2010-09-25,718390.4
2010-09-26,679764.75
2010-09-27,733292.77
2010-09-28,725134.56
2010-09-29,725889.01
2010-09-30,239203.40999999997
2010-10-01,631112.75
2010-10-02,725758.74
2010-10-03,707766.47
2010-10-04,636299.69
2010-10-05,611630.4099999999
2010-10-06,686680.44
2010-10-07,668217.12
2010-10-08,471163.24
2010-10-09,651466.97
2010-10-10,654771.37
2010-10-11,651124.3300000001
2010-10-12,648850.47
2010-10-13,645799.24
2010-10-14,645371.3
2010-10-15,643575.6799999999
2010-10-16,641929.06
2010-10-17,640545.54
2010-10-18,630885.14
2010-10-19,629844.03
2010-10-20,624474.84
2010-10-21,628842.17
2010-10-22,610174.1799999999
2010-10-23,622474.45
2010-10-24,616981.13
2010-10-25,614914.1799999999
2010-10-26,610349.8
2010-10-27,607885.42
2010-10-28,607232.19
2010-10-29,607670.87
2010-10-30,602376.0
2010-10-31,619056.6
2010-11-01,589908.96
2010-11-02,597192.12
2010-11-03,596626.82
2010-11-04,584202.84
2010-11-05,587512.1699999999
2010-11-06,591196.11
2010-11-07,593389.1000000001
2010-11-08,483761.41000000003
2010-11-09,570452.16
2010-11-10,454375.4
2010-11-11,575226.81
2010-11-12,569537.85
2010-11-13,564882.3
2010-11-14,540150.9099999999
2010-11-15,68608.3
2010-11-16,411091.68
2010-11-17,478403.53
2010-11-18,560399.18
2010-11-19,562355.78
2010-11-20,560255.9
2010-11-21,562283.85
2010-11-22,564206.26
2010-11-23,570420.6
2010-11-24,571620.71
2010-11-25,571817.11
2010-11-26,573053.39
2010-11-27,572787.04
2010-11-28,573535.63
2010-11-29,569529.0
2010-11-30,563643.4
2010-12-01,562586.95
2010-12-02,559537.96
2010-12-03,556286.78
2010-12-04,558472.28
2010-12-05,553875.23
2010-12-06,551308.37
2010-12-07,550126.27
2010-12-08,548300.52
2010-12-09,453589.08
2010-12-10,542097.54
2010-12-11,543016.0
2010-12-12,529329.78
2010-12-13,539565.1
2010-12-14,543745.69
2010-12-15,542069.0
2010-12-16,541486.79
2010-12-17,538236.86
2010-12-18,535668.47
2010-12-19,534282.28
2010-12-20,537091.1699999999
2010-12-21,540324.79
2010-12-22,540578.25
2010-12-23,545743.24
2010-12-24,545194.92
2010-12-25,543064.6799999999
2010-12-26,542071.64
2010-12-27,541089.86
2010-12-28,470842.13
2010-12-29,517554.05000000005
2010-12-30,533565.7
2010-12-31,533118.61
2011-01-01,530211.98
2011-01-02,529380.68
2011-01-03,529570.41
2011-01-04,529169.94
2011-01-05,529883.59
2011-01-06,529049.5800000001
2011-01-07,528274.89
2011-01-08,528774.76
2011-01-09,528774.76
2011-01-10,522410.32000000007
2011-01-11,520686.86
2011-01-12,522410.32
2011-01-13,531685.86
2011-01-14,531433.98
2011-01-15,529526.7
2011-01-16,527431.46
2011-01-17,526998.8
2011-01-18,525090.85
2011-01-19,521326.35
2011-01-20,514691.07000000007
2011-01-21,520505.22
2011-01-22,520356.36
2011-01-23,512216.70999999996
2011-01-24,512704.91000000003
2011-01-25,508547.99
2011-01-26,508369.16000000003
2011-01-27,507177.41000000003
2011-01-28,508030.47
2011-01-29,516661.2
2011-01-30,515160.16000000003
2011-01-31,510692.55
2011-02-01,314382.38
2011-02-05,209521.7
2011-02-06,420618.83999999997
2011-02-07,498447.06999999995
2011-02-08,496146.64999999997
2011-02-09,501145.52
2011-02-10,505554.37
2011-02-11,505963.26
2011-02-12,501985.33999999997
2011-02-13,387390.5
2011-02-14,226367.66000000003
2011-02-15,347651.0
2011-02-16,504206.73
2011-02-17,507848.0
2011-02-18,506820.91
2011-02-19,503558.26
2011-02-20,503052.77
2011-02-21,503135.74
2011-02-22,501049.76
2011-02-23,499301.02999999997
2011-02-24,494204.02
2011-02-25,485498.72
2011-02-26,477402.0
2011-02-27,474831.61
2011-02-28,473252.82
2011-03-01,474936.82
2011-03-02,469655.15
2011-03-03,467253.33
2011-03-04,469540.97
2011-03-05,466737.88
2011-03-06,461960.69
2011-03-07,463900.83
2011-03-08,469943.32999999996
2011-03-09,464249.57999999996
2011-03-10,466903.48
2011-03-11,468716.51
2011-03-12,487077.37
2011-03-13,497016.48
2011-03-14,495493.63
2011-03-15,495579.37
2011-03-16,494140.41000000003
2011-03-17,205295.47
2011-03-18,464745.28
2011-03-19,481086.59
2011-03-20,482071.0
2011-03-21,484026.0
2011-03-22,481253.36
2011-03-23,481021.61
2011-03-24,481741.57999999996
2011-03-25,481335.43
2011-03-26,480185.72
2011-03-27,458747.0
2011-03-28,478370.67000000004
2011-03-29,473959.08
2011-03-30,473706.01
2011-03-31,473323.55000000005
2011-04-01,472233.64
2011-04-02,471787.95
2011-04-03,470592.64999999997
2011-04-04,469875.22
2011-04-05,422261.72
2011-04-06,464931.53
2011-04-07,471151.5
2011-04-08,477663.16000000003
2011-04-09,471599.76
2011-04-10,474071.73
2011-04-11,475402.73
2011-04-12,474775.0
2011-04-13,413057.36
2011-04-14,464781.34
2011-04-15,468791.74
2011-04-16,468352.35
2011-04-17,467512.9
2011-04-18,467746.0
2011-04-19,467226.0
2011-04-20,465898.0
2011-04-21,462130.0
2011-04-22,466312.0
2011-04-23,467265.30000000005
2011-04-24,465207.0
2011-04-25,463852.0
2011-04-26,463197.91000000003
2011-04-27,463061.89
2011-04-28,460163.14
2011-04-29,459625.93
2011-04-30,459176.3
2011-05-01,458412.69
2011-05-02,457821.61
2011-05-03,456972.57999999996
2011-05-04,457456.53
2011-05-05,456811.19
2011-05-06,459784.72000000003
2011-05-07,457465.85
2011-05-08,455721.98
2011-05-09,455701.37
2011-05-10,455721.68000000005
2011-05-11,413675.03
2011-05-12,442125.0
2011-05-13,445844.17
2011-05-14,445664.43000000005
2011-05-15,445667.69999999995
2011-05-16,449510.78
2011-05-17,448906.0
2011-05-18,447341.30000000005
2011-05-19,354530.29000000004
2011-05-20,438577.47
2011-05-21,445910.39
2011-05-22,446843.73
2011-05-23,447383.45
2011-05-24,441910.56
2011-05-25,442566.0
2011-05-26,444856.61
2011-05-27,444229.72
2011-05-28,444229.72
2011-05-29,438685.91000000003
2011-05-30,437604.9
2011-05-31,436734.61
2011-06-01,438178.26
2011-06-02,343958.82
2011-06-03,415341.5
2011-06-04,427047.36
2011-06-05,428930.33
2011-06-06,430534.54000000004
2011-06-07,429804.98
2011-06-08,429118.88
2011-06-09,429537.36
2011-06-10,429174.28
2011-06-11,430199.27
2011-06-12,429966.91000000003
2011-06-13,430339.32999999996
2011-06-14,430339.33
2011-06-15,428856.94
2011-06-16,410900.53
2011-06-17,418694.56
2011-06-18,431632.58
2011-06-19,431035.83999999997
2011-06-20,204346.32
2011-06-24,0.0
2011-06-28,0.0
2011-07-01,345925.22
2011-07-02,128866.18000000001
2011-07-03,129788.11
2011-07-04,160210.49
2011-07-05,0.0
2011-07-07,121409.16
2011-07-08,321710.08999999997
2011-07-09,6610.68
2011-07-10,405611.82
2011-07-11,369849.7
2011-07-13,0.0
2011-07-14,0.0
2011-07-15,23467.269999999997
2011-07-16,213322.41999999998
2011-07-17,0.0
2011-07-18,0.0
2011-07-20,452554.65
2011-07-21,535586.6699999999
2011-07-22,149884.78
2011-07-23,0.0
2011-07-24,0.0
2011-07-25,354092.91000000003
2011-07-26,459287.33999999997
2011-07-27,0.0
2011-07-28,122819.28
2011-07-29,543429.4
2011-07-30,43891.11
2011-07-31,0.0
2011-08-01,0.0
2011-08-02,0.0
2011-08-03,0.0
2011-08-04,162089.15
2011-08-05,574011.5
2011-08-06,507915.32999999996
2011-08-07,567197.26
2011-08-08,550816.3200000001
2011-08-09,539768.45
2011-08-10,528014.62
2011-08-11,519845.91000000003
2011-08-12,511919.7
2011-08-13,505269.1
2011-08-14,498201.64
2011-08-15,496099.04000000004
2011-08-16,482954.61
2011-08-17,477034.23
2011-08-18,474961.97
2011-08-19,467847.06
2011-08-20,464770.25
2011-08-21,461175.97
2011-08-22,457008.57
2011-08-23,456664.31
2011-08-24,451666.08999999997
2011-08-25,427988.94
2011-08-26,354607.64
2011-08-27,432119.23
2011-08-28,435587.54000000004
2011-08-29,438938.08999999997
2011-08-30,442710.48
2011-08-31,440941.42000000004
2011-09-01,440430.44999999995
2011-09-02,442203.79000000004
2011-09-03,441240.28
2011-09-04,439213.83999999997
2011-09-05,441974.64
2011-09-06,446900.36
2011-09-07,445818.25
2011-09-08,445088.38
2011-09-09,442176.23
2011-09-10,437702.87
2011-09-11,434704.4
2011-09-12,435209.97
2011-09-13,195670.14
2011-09-14,409463.27
2011-09-15,418623.56
2011-09-16,419179.1
2011-09-17,420620.80000000005
2011-09-18,425538.0
2011-09-19,425861.1
2011-09-20,426095.69999999995
2011-09-21,421027.4
2011-09-22,419352.69999999995
2011-09-23,417628.73
2011-09-24,415977.01
2011-09-25,415357.94
2011-09-26,414665.06999999995
2011-09-27,413459.29000000004
2011-09-28,412567.68
2011-09-29,412440.17999999993
2011-09-30,411599.80999999994
2011-10-01,409915.93
2011-10-02,410400.91000000003
2011-10-03,410302.27
2011-10-04,408932.54
2011-10-05,408241.59
2011-10-06,407686.89
2011-10-07,209938.16
2011-10-08,167836.88999999998
2011-10-09,383006.26
2011-10-10,384632.61
2011-10-11,388513.66000000003
2011-10-12,391421.26
2011-10-13,391421.01
2011-10-14,295697.55000000005
2011-10-15,258055.1
2011-10-19,0.0
2011-10-20,0.0
2011-10-21,0.0
2011-10-22,0.0
2011-10-23,0.0
2011-10-24,0.0
2011-10-26,0.0
2011-10-27,0.0
2011-10-28,0.0
2011-10-29,0.0
2011-10-30,0.0
2011-10-31,0.0
2011-11-01,0.0
2011-11-02,0.0
2011-11-03,0.0
2011-11-04,0.0
2011-11-05,106253.69
2011-11-06,430950.44999999995
2011-11-07,452764.2
2011-11-08,462543.71
2011-11-09,468942.32999999996
2011-11-10,477292.81999999995
2011-11-11,230662.90000000002
2011-11-12,236011.71000000002
2011-11-13,467759.67
2011-11-14,469479.62
2011-11-15,468279.5
2011-11-16,464957.51
2011-11-17,462636.75
2011-11-18,460021.26
2011-11-19,455576.68
2011-11-20,449985.62
2011-11-21,446516.07999999996
2011-11-22,442696.6
2011-11-23,437877.8
2011-11-24,420218.49
2011-11-28,312243.87
2011-12-02,325197.68
2011-12-05,289614.12
2011-12-06,81088.23999999999
2011-12-07,328040.16000000003
2011-12-08,267285.72000000003
2011-12-10,87868.17
2011-12-11,444181.0
2011-12-12,450456.52
2011-12-13,74695.82
2011-12-15,438372.27
2011-12-16,451081.16000000003
2011-12-17,397548.31
2011-12-18,272489.61
2011-12-19,455286.0
2011-12-20,453024.94000000006
2011-12-21,449600.11
2011-12-22,445417.38
2011-12-23,442173.15
2011-12-24,326947.28
2011-12-26,63.47
2011-12-27,247128.33999999997
2011-12-28,178503.73
2011-12-29,24066.31
2011-12-30,428081.85
2011-12-31,435251.68999999994
2012-01-01,431533.42000000004
2012-01-02,421608.23
2012-01-14,28006.980000000003
2012-01-15,464002.7
2012-01-16,473528.44
2012-01-17,464722.94999999995
2012-01-18,470783.48
2012-01-19,475389.55000000005
2012-01-20,472709.30999999994
2012-01-21,250113.13999999998
2012-01-22,307646.83999999997
2012-01-23,449384.48
2012-01-24,450435.80000000005
2012-01-25,303228.35000000003
2012-01-27,220776.11000000002
2012-01-28,423912.17
2012-01-29,217108.03
2012-01-30,190517.76
2012-01-31,363324.43
2012-02-01,383058.0
2012-02-02,369526.76
2012-02-03,366678.08999999997
2012-02-04,359633.26
2012-02-05,351563.23
2012-02-06,350940.2
2012-02-07,355097.91
2012-02-08,356377.11
2012-02-09,268070.91000000003
2012-02-10,325737.83999999997
2012-02-11,281888.41000000003
2012-02-12,348195.95999999996
2012-02-13,349348.58999999997
2012-02-14,349253.1
2012-02-15,348130.29000000004
2012-02-16,347116.86
2012-02-17,345442.5
2012-02-18,342023.33999999997
2012-02-19,341559.35
2012-02-20,338722.16000000003
2012-02-21,336991.92000000004
2012-02-22,335649.5
2012-02-23,335344.4
2012-02-24,334586.66000000003
2012-02-25,334573.0
2012-02-26,333939.69999999995
2012-02-27,333703.3
2012-02-28,333085.12
2012-02-29,332246.29000000004
2012-03-01,330461.66000000003
2012-03-02,333055.2
2012-03-03,333650.8
2012-03-04,333983.28
2012-03-05,333157.51
2012-03-06,333448.73
2012-03-07,332972.85
2012-03-08,331637.39
2012-03-09,330968.69
2012-03-10,330764.27
2012-03-11,330179.66000000003
2012-03-12,329411.02
2012-03-13,298254.23
2012-03-14,318348.5
2012-03-15,291736.98
2012-03-16,318406.89
2012-03-17,322332.3
2012-03-18,324157.41000000003
2012-03-19,326611.58999999997
2012-03-20,327090.76
2012-03-21,327537.68000000005
2012-03-22,328260.67
2012-03-23,291364.25
2012-03-24,197278.28
2012-03-25,191716.59
2012-03-26,203116.91
2012-03-27,257882.91999999998
2012-03-28,336524.22
2012-03-29,337177.15
2012-03-30,336510.19
2012-03-31,336376.01
2012-04-01,336211.76
2012-04-02,335712.88
2012-04-03,334687.06
2012-04-04,330858.44
2012-04-05,331373.0
2012-04-06,330195.05
2012-04-07,328505.9
2012-04-08,327302.78
2012-04-09,325840.7
2012-04-10,324553.28
2012-04-11,322612.35
2012-04-12,321154.93
2012-04-13,319810.61
2012-04-14,318412.36
2012-04-15,317054.95
2012-04-16,315853.45
2012-04-17,314687.09
2012-04-18,317193.52
2012-04-19,316470.47
2012-04-20,316510.08999999997
2012-04-21,319034.4
2012-04-22,319094.44999999995
2012-04-23,317281.75
2012-04-24,316511.35
2012-04-25,316058.43
2012-04-26,315928.17
2012-04-27,314781.5
2012-04-28,261501.47000000003
2012-04-29,280175.22
2012-04-30,294012.6
2012-05-01,292711.83
2012-05-02,295079.11
2012-05-03,296548.19999999995
2012-05-04,298105.42
2012-05-05,301515.0
2012-05-06,298774.0
2012-05-07,299847.59
2012-05-08,302879.31
2012-05-09,301951.82
2012-05-10,301825.3
2012-05-11,301440.53
2012-05-12,300241.39
2012-05-13,299804.15
2012-05-14,299683.86
2012-05-15,298997.47
2012-05-16,299449.2
2012-05-17,299449.2
2012-05-18,299618.2
2012-05-19,300195.2
2012-05-20,299474.4
2012-05-21,298505.1
2012-05-22,219522.0
2012-05-23,281340.32
2012-05-24,289030.12
2012-05-25,288206.0
2012-05-26,290411.73
2012-05-27,292637.16000000003
2012-05-28,294152.42000000004
2012-05-29,295096.95
2012-05-30,294889.15
2012-05-31,294964.07
2012-06-01,295535.15
2012-06-02,295511.99
2012-06-03,294151.07999999996
2012-06-04,294126.7
2012-06-05,292768.13
2012-06-06,294104.04
2012-06-07,293623.43
2012-06-08,292655.56
2012-06-09,293508.89
2012-06-10,293492.18
2012-06-11,290435.17
2012-06-12,292846.52
2012-06-13,253309.0
2012-06-14,281647.48
2012-06-15,285462.84
2012-06-16,288191.45
2012-06-17,287932.79000000004
2012-06-18,287445.43
2012-06-19,288395.26
2012-06-20,161490.81
2012-06-21,254565.84999999998
2012-06-22,264882.0
2012-06-23,270911.0
2012-06-24,272549.36
2012-06-25,273933.65
2012-06-26,274570.6
2012-06-27,275615.5
2012-06-28,276125.75
2012-06-29,277136.83
2012-06-30,278133.2
2012-07-01,278467.5
2012-07-02,278309.78
2012-07-03,277973.03
2012-07-04,278707.01
2012-07-05,279972.0
2012-07-06,280140.99
2012-07-07,280020.51
2012-07-08,279221.83
2012-07-09,278616.02
2012-07-10,277700.14
2012-07-11,278180.56
2012-07-12,279197.48
2012-07-13,279896.82
2012-07-14,278284.87
2012-07-15,277356.53
2012-07-16,277308.0
2012-07-17,277768.74
2012-07-18,279104.19
2012-07-19,279737.81
2012-07-20,278700.32
2012-07-21,276457.11
2012-07-22,277030.42
2012-07-23,277580.16000000003
2012-07-24,277623.05
2012-07-25,277123.05
2012-07-26,276400.73
2012-07-27,276554.15
2012-07-28,276320.36
2012-07-29,277827.83999999997
2012-07-30,278483.13
2012-07-31,279967.04
2012-08-01,273961.72
2012-08-02,276893.20999999996
2012-08-03,276653.92
2012-08-04,277529.11
2012-08-05,277529.11
2012-08-06,276873.48
2012-08-07,276738.82
2012-08-08,285931.0
2012-08-09,275157.07999999996
2012-08-10,276834.4
2012-08-11,281627.02
2012-08-12,278782.24
2012-08-13,15877.490000000002
2012-08-15,0.0
2012-08-16,0.0
2012-08-17,0.0
2012-08-19,0.0
2012-08-20,0.0
2012-08-21,0.0
2012-08-22,0.0
2012-08-23,0.0
2012-08-24,0.0
2012-08-25,0.0
2012-08-26,0.0
2012-08-27,0.0
2012-08-28,0.0
2012-08-29,0.0
2012-08-30,0.0
2012-08-31,0.0
2012-09-01,0.0
2012-09-02,0.0
2012-09-03,0.0
2012-09-07,0.0
2012-09-11,0.0
2012-09-15,0.0
2012-09-16,0.0
2012-09-17,0.0
2012-09-19,0.0
2012-09-21,0.0
2012-09-23,0.0
2012-09-25,0.0
2012-09-26,0.0
2012-09-27,0.0
2012-09-29,82944.76000000001
2012-09-30,319956.67000000004
2012-10-01,309948.71
2012-10-02,329663.7
2012-10-03,336440.54
2012-10-04,346369.15
2012-10-05,353600.70999999996
2012-10-06,354539.76
2012-10-07,353121.08
2012-10-08,351164.1
2012-10-09,347937.91000000003
2012-10-10,347359.49
2012-10-11,349499.72
2012-10-12,351957.05
2012-10-13,194161.2
2012-10-14,66968.47
2012-10-19,62871.979999999996
2012-10-20,299367.88
2012-10-21,310975.69
2012-10-22,320465.02
2012-10-23,321564.89999999997
2012-10-24,320794.70999999996
2012-10-25,319343.33999999997
2012-10-26,316917.19999999995
2012-10-27,315437.83
2012-10-28,325966.61
2012-10-29,308920.05
2012-10-30,304455.1
2012-10-31,302831.35
2012-11-01,300747.3
2012-11-02,297257.7
2012-11-03,294965.64
2012-11-04,293384.49
2012-11-05,296523.69999999995
2012-11-06,292123.32
2012-11-07,292903.29000000004
2012-11-08,293718.0
2012-11-09,294290.91000000003
2012-11-10,287618.4
2012-11-11,284149.61
2012-11-12,285254.37
2012-11-13,286003.92
2012-11-14,284911.4
2012-11-15,285807.57
2012-11-16,286950.02999999997
2012-11-17,285253.83
2012-11-18,284194.17
2012-11-19,285148.41
2012-11-20,284023.85
2012-11-21,282884.86
2012-11-22,282065.13
2012-11-23,281008.29
2012-11-24,278233.25
2012-11-25,278865.91000000003
2012-11-26,280434.98
2012-11-27,277776.31
2012-11-28,274764.08999999997
2012-11-29,271430.45
2012-11-30,269431.89
2012-12-01,270520.26
2012-12-02,270028.19999999995
2012-12-03,268880.99
2012-12-04,267522.65
2012-12-05,266218.52
2012-12-06,267293.22000000003
2012-12-07,265155.20999999996
2012-12-08,265814.37
2012-12-09,265279.29
2012-12-10,264945.9
2012-12-11,231180.7
2012-12-12,124269.91
2012-12-13,92602.0
2012-12-14,228681.42
2012-12-15,114331.2
2012-12-16,248588.18
2012-12-17,252354.3
2012-12-18,253813.19
2012-12-19,255908.5
2012-12-20,256795.25
2012-12-21,257900.39
2012-12-22,258080.54
2012-12-23,258066.64
2012-12-24,258146.72999999998
2012-12-25,258521.3
2012-12-26,257754.63999999998
2012-12-27,257404.51
2012-12-28,258377.7
2012-12-29,260085.95
2012-12-30,259191.2
2012-12-31,258466.21000000002
2013-01-01,255889.49
2013-01-02,251541.57
2013-01-03,257189.95
2013-01-04,256464.56
2013-01-05,258523.7
2013-01-06,258834.11
2013-01-07,258774.34
2013-01-08,256733.41999999998
2013-01-09,257482.2
2013-01-10,257820.2
2013-01-11,252500.56
2013-01-12,256424.04
2013-01-13,256554.13
2013-01-14,254598.5
2013-01-15,251188.42
2013-01-16,269508.2
2013-01-17,233179.5
2013-01-18,234977.52000000002
2013-01-19,240692.47000000003
2013-01-20,240047.7
2013-01-21,240080.11
2013-01-22,241701.71000000002
2013-01-23,244209.99
2013-01-24,242062.3
2013-01-25,241681.46
2013-01-26,241014.47999999998
2013-01-27,239466.1
2013-01-28,239751.58
2013-01-29,242602.88
2013-01-30,243921.59999999998
2013-01-31,240479.37
2013-02-01,243415.15
2013-02-02,240635.28000000003
2013-02-03,237630.0
2013-02-04,235736.5
2013-02-05,235413.97
2013-02-06,236118.37
2013-02-07,233212.78
2013-02-08,239145.65
2013-02-09,242814.0
2013-02-10,239452.33000000002
2013-02-11,229662.68
2013-02-12,234554.9
2013-02-13,239610.72999999998
2013-02-14,239045.68
2013-02-15,244088.07
2013-02-16,244199.27
2013-02-17,243838.47000000003
2013-02-18,243116.39
2013-02-19,241408.69
2013-02-20,231081.37
2013-02-21,240926.46000000002
2013-02-22,211554.1
2013-02-23,236406.59
2013-02-24,239740.91000000003
2013-02-25,239408.46000000002
2013-02-26,238972.82
2013-02-27,238195.69
2013-02-28,238195.06
2013-03-01,238857.3
2013-03-02,239231.52000000002
2013-03-03,238437.7
2013-03-04,238468.46999999997
2013-03-05,239555.43
2013-03-06,238395.36
2013-03-07,19906.93
2013-03-10,49408.91
2013-03-11,128937.79999999999
2013-03-13,92381.0
2013-03-14,72956.23
2013-03-15,87861.95
2013-03-16,69150.11
2013-03-17,49992.15
2013-03-18,92377.39
2013-03-19,85093.27
2013-03-20,10542.93
2013-03-21,0.0
2013-03-22,82587.5
2013-03-23,104641.75
2013-03-24,97662.68
2013-03-25,90304.54
2013-03-26,224502.57
2013-03-27,234072.43
2013-03-28,138705.66999999998
2013-03-29,193439.97
2013-03-30,244895.95
2013-03-31,235090.90000000002
2013-04-01,222503.69
2013-04-03,75415.01
2013-04-04,150745.83
2013-04-05,87674.3
2013-04-09,0.0
2013-04-10,41420.8
2013-04-11,239329.41
2013-04-12,248277.56
2013-04-13,255849.2
2013-04-14,262157.29
2013-04-15,263187.13
2013-04-16,290331.61
2013-04-17,266965.35
2013-04-18,264751.33999999997
2013-04-19,263488.77999999997
2013-04-20,263101.75
2013-04-21,262539.61
2013-04-22,260304.3
2013-04-23,257884.2
2013-04-24,256531.77999999997
2013-04-25,255188.52000000002
2013-04-26,252246.06
2013-04-27,252906.88
2013-04-28,252142.95
2013-04-29,246279.45
2013-04-30,240326.01
2013-05-01,248547.46
2013-05-02,246791.13999999998
2013-05-03,244861.97000000003
2013-05-04,247570.46
2013-05-05,248654.87
2013-05-06,248216.63
2013-05-07,247473.1
2013-05-08,248221.43
2013-05-09,248028.53999999998
2013-05-10,247263.23
2013-05-11,247779.41
2013-05-12,246382.47
2013-05-13,246758.95
2013-05-14,157110.64
2013-05-15,205842.0
2013-05-16,229024.37
2013-05-17,185116.0
2013-05-18,233446.78
2013-05-19,237384.02000000002
2013-05-20,238040.09
2013-05-21,239778.90000000002
2013-05-22,240237.13
2013-05-23,237445.90000000002
2013-05-24,236464.84000000003
2013-05-25,232122.3
2013-05-26,232009.33000000002
2013-05-27,233479.51
2013-05-28,233106.19
2013-05-29,228868.16999999998
2013-05-30,233305.53000000003
2013-05-31,234355.93
2013-06-01,235729.94
2013-06-02,236325.49
2013-06-03,236544.1
2013-06-04,236010.7
2013-06-05,243770.6
2013-06-06,245658.56
2013-06-07,238954.08999999997
2013-06-08,236560.39
2013-06-09,221970.71
2013-06-10,206621.19
2013-06-11,224110.27999999997
2013-06-12,225800.96
2013-06-13,228949.39
2013-06-14,230478.49000000002
2013-06-15,229544.27
2013-06-16,232928.71000000002
2013-06-17,232562.12
2013-06-18,233218.41999999998
2013-06-19,235019.58000000002
2013-06-20,225194.19999999998
2013-06-21,202664.69
2013-06-22,60352.3
2013-06-23,11552.92
2013-06-26,137695.1
2013-06-27,64362.45
2013-06-28,149163.01
2013-06-29,208894.31
2013-06-30,219325.75
2013-07-01,218848.85
2013-07-02,218917.25
2013-07-03,227612.94
2013-07-04,227252.57
2013-07-05,222014.15
2013-07-06,106138.0
2013-07-07,178370.98
2013-07-08,215297.92
2013-07-09,214922.0
2013-07-10,223358.53000000003
2013-07-11,209112.96
2013-07-12,222429.1
2013-07-13,222977.57
2013-07-14,222740.07
2013-07-15,223115.8
2013-07-16,224163.19
2013-07-17,222657.65000000002
2013-07-18,221988.45
2013-07-19,220344.81
2013-07-20,221028.12
2013-07-21,219373.1
2013-07-22,26554.0
2013-07-23,128866.47
2013-07-24,119475.31999999999
2013-07-25,242579.0
2013-07-26,274113.19999999995
2013-07-27,315601.75
2013-07-28,12511.85
2013-07-29,38495.07
2013-07-30,336476.47000000003
2013-07-31,86266.4
2013-08-01,0.0
2013-08-02,0.0
2013-08-03,182172.22
2013-08-04,347836.73
2013-08-05,353640.74
2013-08-06,355275.02999999997
2013-08-07,356522.93
2013-08-08,354999.49
2013-08-09,357035.58999999997
2013-08-10,357628.76
2013-08-11,353288.07
2013-08-12,352113.38
2013-08-13,353933.0
2013-08-14,352431.69999999995
2013-08-15,352153.57999999996
2013-08-16,357613.97
2013-08-17,358629.04000000004
2013-08-18,352517.88
2013-08-19,358759.14
2013-08-20,354642.33
2013-08-21,354962.11
2013-08-22,352767.71
2013-08-23,353160.29000000004
2013-08-24,351829.04
2013-08-25,349469.05
2013-08-26,348132.89
2013-08-27,319551.0
2013-08-28,208293.97999999998
2013-08-29,210615.34999999998
2013-08-30,212231.91999999998
2013-08-31,213540.43
2013-09-01,214389.72999999998
2013-09-02,221686.02
2013-09-03,342042.21
2013-09-04,347922.82
2013-09-05,337541.02
2013-09-06,330049.77
2013-09-07,328319.22
2013-09-08,324533.74
2013-09-09,321707.27
2013-09-10,319761.1
2013-09-11,315801.97
2013-09-12,247118.61
2013-09-13,34720.62
2013-09-14,56554.93
2013-09-15,298203.42
2013-09-16,279110.78
2013-09-17,331578.95
2013-09-18,149557.25
2013-09-20,171676.93
2013-09-21,168924.33000000002
2013-09-22,302848.54000000004
2013-09-23,333532.41
2013-09-24,336847.0
2013-09-25,332781.48
2013-09-26,335904.63
2013-09-27,138910.05
2013-09-28,213297.86
2013-09-29,336147.54
2013-09-30,344779.38
2013-10-01,344355.34
2013-10-02,345063.38
2013-10-03,345076.8
2013-10-04,343994.54000000004
2013-10-05,341701.35
2013-10-06,345382.96
2013-10-07,345586.03
2013-10-08,344332.49
2013-10-09,344468.66000000003
2013-10-10,345786.58999999997
2013-10-11,173045.4
2013-10-12,81765.48999999999
2013-10-13,317761.56
2013-10-14,328123.78
2013-10-15,330942.05
2013-10-16,330871.51
2013-10-17,334540.6
2013-10-18,334439.82999999996
2013-10-19,334018.9
2013-10-20,338140.32
2013-10-21,337196.67
2013-10-22,335701.86
2013-10-23,335084.57
2013-10-24,339211.8
2013-10-25,339347.69999999995
2013-10-26,336159.73
2013-10-27,332608.56
2013-10-28,61158.1
2013-10-29,114477.49
2013-10-30,113026.23000000001
2013-10-31,320072.68
2013-11-01,329764.67
2013-11-02,229557.85
2013-11-03,151247.72
2013-11-04,261070.46
2013-11-05,262122.19
2013-11-06,253602.3
2013-11-07,291044.68
2013-11-08,320149.78
2013-11-09,317137.38
2013-11-10,322902.06999999995
2013-11-11,324329.07
2013-11-12,323457.43
2013-11-13,320706.77
2013-11-14,327075.27
2013-11-15,328934.98
2013-11-16,329929.61
2013-11-17,323426.83
2013-11-18,324931.61
2013-11-19,321850.53
2013-11-20,337756.2
2013-11-21,339416.74
2013-11-22,335941.66000000003
2013-11-23,333340.17
2013-11-24,339380.88
2013-11-25,339029.45
2013-11-26,335699.63
2013-11-27,334557.95999999996
2013-11-28,333966.83999999997
2013-11-29,334557.56
2013-11-30,343139.78
2013-12-01,345396.44999999995
2013-12-02,345965.89
2013-12-03,341501.82
2013-12-04,338201.36
2013-12-05,334972.9
2013-12-06,164352.80000000002
2013-12-07,310443.56
2013-12-08,316360.7
2013-12-09,156700.08
2013-12-10,144483.55
2013-12-11,9263.17
2013-12-12,216759.02000000002
2013-12-13,102017.0
2013-12-14,261871.6
2013-12-15,286128.59
2013-12-16,322557.02
2013-12-17,335882.06
2013-12-18,339323.01
2013-12-19,338122.28
2013-12-20,211372.0
2013-12-21,310722.92
2013-12-22,333868.3
2013-12-23,337992.62
2013-12-24,342753.06
2013-12-25,344723.99
2013-12-26,296507.38
2013-12-27,172910.76
2013-12-28,325055.77
2013-12-29,328427.30000000005
2013-12-30,333144.38
2013-12-31,274790.0
2014-01-01,322694.55000000005
2014-01-02,342911.65
2014-01-03,331760.52
2014-01-04,197700.66999999998
2014-01-05,59563.17
2014-01-06,292169.9
2014-01-07,324104.23
2014-01-08,328260.18
2014-01-09,329644.82
2014-01-10,330294.26
2014-01-11,333382.27
2014-01-12,333649.72
2014-01-13,338122.75
2014-01-14,337443.76
2014-01-15,322063.43
2014-01-16,356680.22000000003
2014-01-17,393667.06
2014-01-18,371090.46
2014-01-19,334081.39
2014-01-20,324463.86
2014-01-21,323764.72000000003
2014-01-22,331595.57
2014-01-23,337280.7
2014-01-24,331760.82
2014-01-25,271656.79
2014-01-26,308449.07
2014-01-27,297069.27
2014-01-28,314045.41
2014-01-29,104596.4
2014-01-31,283303.49
2014-02-01,354462.03
2014-02-02,368782.9
2014-02-03,371023.39
2014-02-04,370499.11
2014-02-05,367200.95
2014-02-06,118354.70000000001
2014-02-08,153831.57
2014-02-09,349416.45
2014-02-10,123112.93000000001
2014-02-11,90169.51000000001
2014-02-12,295013.64
2014-02-13,364493.0
2014-02-14,368726.61
2014-02-15,354604.46
2014-02-16,361486.05
2014-02-17,360782.73
2014-02-18,204866.33
2014-02-19,338429.89
2014-02-20,361812.19
2014-02-21,362700.95999999996
2014-02-22,360800.45
2014-02-23,361891.74
2014-02-24,358478.39
2014-02-25,356671.33999999997
2014-02-26,354589.16000000003
2014-02-27,352174.23
2014-02-28,350330.44
2014-03-01,343787.78
2014-03-02,349185.5
2014-03-03,349317.23
2014-03-04,345449.83999999997
2014-03-05,343221.64
2014-03-06,342811.16
2014-03-07,348241.23
2014-03-08,357968.77999999997
2014-03-09,355534.4
2014-03-10,355773.86
2014-03-11,355192.77
2014-03-12,350488.28
2014-03-13,354169.87
2014-03-14,354457.02999999997
2014-03-15,353063.41000000003
2014-03-16,351900.06
2014-03-17,350328.37
2014-03-18,347578.1
2014-03-19,336277.63
2014-03-20,347512.91
2014-03-21,348537.5
2014-03-22,189728.27
2014-03-23,287938.12
2014-03-24,79586.25
2014-03-25,65763.7
2014-03-26,299734.32
2014-03-27,145858.56
2014-03-28,146634.99
2014-03-29,126880.37
2014-03-30,323815.88
2014-03-31,341930.08999999997
2014-04-01,341796.59
2014-04-02,341266.37
2014-04-03,342508.49
2014-04-04,343738.13
2014-04-05,343234.2
2014-04-06,258054.59
2014-04-07,107656.98000000001
2014-04-08,307939.28
2014-04-09,338837.27
2014-04-10,275618.0
2014-04-11,346806.06
2014-04-12,346109.73
2014-04-13,344931.32
2014-04-14,344997.98
2014-04-15,345271.06
2014-04-16,346095.83
2014-04-17,347432.97
2014-04-18,346219.05
2014-04-19,348976.63
2014-04-20,348456.64
2014-04-21,347067.48
2014-04-22,393985.42000000004
2014-04-23,479788.76
2014-04-24,496077.8
2014-04-25,502542.64
2014-04-26,516465.24
2014-04-27,524345.41
2014-04-28,525206.9
2014-04-29,509324.02
2014-04-30,495908.02999999997
2014-05-01,504104.34
2014-05-02,484327.53
2014-05-03,469950.04
2014-05-04,465095.39
2014-05-05,472996.74
2014-05-06,474349.33999999997
2014-05-07,465247.07999999996
2014-05-08,377002.60000000003
2014-05-09,140168.39
2014-05-10,138745.35
2014-05-11,390349.91
2014-05-12,396145.02
2014-05-13,395080.73
2014-05-14,393450.5
2014-05-15,362612.15
2014-05-16,351284.17000000004
2014-05-17,356725.36
2014-05-18,362403.65
2014-05-19,351474.19
2014-05-20,349001.14
2014-05-21,348850.08999999997
2014-05-22,360379.14
2014-05-23,363553.26
2014-05-24,365679.97
2014-05-25,358408.24000000005
2014-05-26,376859.23
2014-05-27,383602.91
2014-05-28,385251.37
2014-05-29,388149.60000000003
2014-05-30,393575.79
2014-05-31,401209.1
2014-06-01,406143.76
2014-06-02,336876.46
2014-06-03,391612.2
2014-06-04,393635.09
2014-06-05,405681.13999999996
2014-06-06,401601.27
2014-06-07,405410.72
2014-06-08,405588.38
2014-06-09,383337.06
2014-06-10,404609.69999999995
2014-06-11,412952.4
2014-06-12,418687.02
2014-06-13,421980.4
2014-06-14,414358.24
2014-06-15,415410.96
2014-06-16,411550.06
2014-06-17,411580.59
2014-06-18,409918.59
2014-06-19,408016.4
2014-06-20,406102.83
2014-06-21,403414.88
2014-06-22,396320.35
2014-06-23,393818.25
2014-06-24,393863.81
2014-06-25,393629.3
2014-06-26,219089.2
2014-06-27,311014.62
2014-06-28,376676.56
2014-06-29,377143.34
2014-06-30,377607.33
2014-07-01,377994.69
2014-07-02,377664.31
2014-07-03,377486.89999999997
2014-07-04,376665.46
2014-07-05,374665.77999999997
2014-07-06,373162.38
2014-07-07,371771.47
2014-07-08,371010.8
2014-07-09,370818.26
2014-07-10,369704.99
2014-07-11,366982.74
2014-07-12,367727.69
2014-07-13,363911.72000000003
2014-07-14,361170.92
2014-07-15,364007.82
2014-07-16,362327.07
2014-07-17,359997.98
2014-07-18,358352.45999999996
2014-07-19,359394.67
2014-07-20,321552.14
2014-07-21,340606.37
2014-07-22,351232.81
2014-07-23,353789.13
2014-07-24,355626.87000000005
2014-07-25,354857.0
2014-07-26,353191.66
2014-07-27,353345.56
2014-07-28,352016.70999999996
2014-07-29,353744.84
2014-07-30,335862.96
2014-07-31,352601.75999999995
2014-08-01,355295.54
2014-08-02,354010.26
2014-08-03,355897.86
2014-08-04,362361.0
2014-08-05,364680.17000000004
2014-08-06,362381.09
2014-08-07,356362.49
2014-08-08,355031.88
2014-08-09,351960.26
2014-08-10,351253.8
2014-08-11,340517.51
2014-08-12,345482.69
2014-08-13,351424.63
2014-08-14,354084.55
2014-08-15,350363.38
2014-08-16,333205.73
2014-08-17,333862.79
2014-08-18,334044.39
2014-08-19,27977.13
2014-08-20,0.0
2014-08-21,0.0
2014-08-22,0.0
2014-08-23,0.0
2014-08-24,0.0
2014-08-25,169923.05
2014-08-26,192357.5
2014-08-27,190186.43
2014-08-28,186521.30000000002
2014-08-29,194562.22999999998
2014-08-30,186435.2
2014-08-31,186694.23
2014-09-01,189211.66
2014-09-02,217597.88
2014-09-03,317885.38
2014-09-04,371388.72000000003
2014-09-05,390821.52
2014-09-06,387603.75
2014-09-07,385249.65
2014-09-08,382117.26
2014-09-09,379838.13
2014-09-10,375289.88
2014-09-11,362629.04
2014-09-12,338824.86
2014-09-13,338142.31
2014-09-14,335319.49
2014-09-15,338894.24
2014-09-16,338504.44999999995
2014-09-17,337756.58
2014-09-18,333858.71
2014-09-19,333858.70999999996
2014-09-20,338766.11
2014-09-21,341393.08
2014-09-22,338708.04000000004
2014-09-23,339069.88
2014-09-24,339229.87
2014-09-25,337685.26
2014-09-26,337520.58
2014-09-27,335686.98
2014-09-28,331901.58
2014-09-29,14945.2
2014-09-30,278653.56
2014-10-01,302643.88
2014-10-02,335951.56
2014-10-03,315241.57
2014-10-04,324379.0
2014-10-05,326755.18
2014-10-06,323200.7
2014-10-07,319621.59
2014-10-08,328735.89999999997
2014-10-09,329049.55
2014-10-10,326963.74
2014-10-11,326650.67
2014-10-12,324473.17
2014-10-13,323636.2
2014-10-14,323896.4
2014-10-15,323432.81
2014-10-16,322529.37999999995
2014-10-17,323194.36
2014-10-18,322889.26999999996
2014-10-19,322094.42
2014-10-20,320579.47
2014-10-21,321667.76
2014-10-22,320471.69
2014-10-23,320272.95
2014-10-24,316388.22000000003
2014-10-25,311667.79000000004
2014-10-26,329672.44999999995
2014-10-27,321909.5
2014-10-28,320409.98
2014-10-29,306383.93
2014-10-30,319586.59
2014-10-31,323716.58
2014-11-01,319851.57999999996
2014-11-02,318871.61
2014-11-03,317087.67
2014-11-04,316653.82999999996
2014-11-05,313918.97
2014-11-06,314971.1
2014-11-07,318721.93
2014-11-08,321014.26
2014-11-09,321815.0
2014-11-10,323304.81
2014-11-11,325488.31
2014-11-12,322358.02999999997
2014-11-13,318048.99
2014-11-14,316273.45
2014-11-15,318360.46
2014-11-16,315260.88999999996
2014-11-17,306557.57
2014-11-18,310929.75
2014-11-19,303341.10000000003
2014-11-20,307627.42
2014-11-21,306798.02
2014-11-22,305588.43
2014-11-23,299928.39
2014-11-24,240320.68
2014-11-25,199671.41
2014-11-26,111594.06
2014-11-27,107112.6
2014-11-28,152306.87
2014-11-29,126176.18
2014-11-30,93494.29999999999
2014-12-01,96450.28
2014-12-02,90316.01
2014-12-03,89167.59
2014-12-04,110436.72
2014-12-05,143695.32
2014-12-06,98778.20000000001
2014-12-07,86879.28
2014-12-08,81174.04000000001
2014-12-09,83292.68
2014-12-10,98615.02
2014-12-11,77262.31
2014-12-12,92095.0
2014-12-13,76446.97
2014-12-14,102527.23999999999
2014-12-15,94377.1
2014-12-16,99430.4
2014-12-17,102689.64
2014-12-18,103831.51000000001
2014-12-19,104646.0
2014-12-20,105461.20999999999
2014-12-21,98452.29000000001
2014-12-22,94376.98000000001
2014-12-23,96006.70000000001
2014-12-24,96170.0
2014-12-25,98289.01000000001
2014-12-26,100733.82
2014-12-27,97636.73999999999
2014-12-28,97800.14
2014-12-29,101548.95999999999
2014-12-30,109210.0
2014-12-31,113121.86
2015-01-01,213840.17
2015-01-02,416299.81
2015-01-03,514583.81
2015-01-04,440242.86
2015-01-05,438836.46
2015-01-06,441118.13
2015-01-07,427824.1
2015-01-08,437980.50999999995
2015-01-09,302439.78
2015-01-10,374481.77999999997
2015-01-11,467953.01999999996
2015-01-12,446425.54
2015-01-13,453439.32
2015-01-14,413856.07
2015-01-15,416657.23
2015-01-16,412077.04
2015-01-17,396906.23
2015-01-18,417125.37
2015-01-19,407322.77999999997
2015-01-20,337481.96
2015-01-21,357185.39
2015-01-22,360295.75
2015-01-23,359989.29
2015-01-24,359994.73
2015-01-25,358133.42000000004
2015-01-26,350887.4
2015-01-27,323388.3
2015-01-28,347649.4
2015-01-29,349350.69
2015-01-30,332586.5
2015-01-31,304026.33
2015-02-01,315751.3
2015-02-02,325810.99
2015-02-03,299738.13
2015-02-04,222003.15
2015-02-05,142295.84
2015-02-06,332670.9
2015-02-07,308994.53
2015-02-08,234710.65
2015-02-09,279906.03
2015-02-10,380856.72
2015-02-11,387104.43
2015-02-12,388464.0
2015-02-13,388147.0
2015-02-14,386319.0
2015-02-15,385499.0
2015-02-16,386845.94999999995
2015-02-17,387333.60000000003
2015-02-18,402649.39
2015-02-19,426689.4
2015-02-20,419224.39
2015-02-21,410724.47
2015-02-22,402168.51
2015-02-23,394353.17
2015-02-24,413688.0
2015-02-25,456701.57
2015-02-26,431427.66000000003
2015-02-27,385996.01
2015-02-28,329659.0
2015-03-01,334262.0
2015-03-02,332288.85000000003
2015-03-03,332378.0
2015-03-04,333812.37
2015-03-05,336846.95
2015-03-06,349845.7
2015-03-07,352032.95
2015-03-08,350001.99
2015-03-09,349035.68
2015-03-10,346265.59
2015-03-11,346830.0
2015-03-12,346680.63
2015-03-13,349060.87
2015-03-14,352327.0
2015-03-15,404687.9
2015-03-16,458648.31
2015-03-17,460429.36000000004
2015-03-18,472757.98000000004
2015-03-19,489806.69
2015-03-20,498318.58
2015-03-21,503552.99000000005
2015-03-22,289303.05
2015-03-23,141259.88999999998
2015-03-24,139798.0
2015-03-25,237923.5
2015-03-26,549875.53
2015-03-27,537953.71
2015-03-28,494794.07999999996
2015-03-29,494794.0
2015-03-30,527457.1799999999
2015-03-31,519530.11
2015-04-01,430375.08
2015-04-02,425243.73000000004
2015-04-03,418153.5
2015-04-04,421944.24000000005
2015-04-05,421320.93
2015-04-06,419791.57
2015-04-07,415530.25
2015-04-08,411148.41000000003
2015-04-09,410942.68
2015-04-10,410372.29000000004
2015-04-11,408814.51
2015-04-12,409200.16000000003
2015-04-13,416149.89
2015-04-14,417818.95999999996
2015-04-15,421471.0
2015-04-16,422938.60000000003
2015-04-17,427775.33999999997
2015-04-18,429657.68
2015-04-19,420410.21
2015-04-20,434206.50999999995
2015-04-21,457417.6
2015-04-22,468716.37
2015-04-23,469852.75
2015-04-24,467569.29
2015-04-25,468313.66
2015-04-26,467247.86
2015-04-27,477556.0
2015-04-28,482228.11
2015-04-29,498531.17
2015-04-30,504481.55
2015-05-01,509075.01
2015-05-02,499320.61
2015-05-03,441564.0
2015-05-04,408516.55
2015-05-05,403667.88
2015-05-06,405026.92
2015-05-07,401698.04
2015-05-08,407244.22
2015-05-09,399476.29000000004
2015-05-10,399726.89
2015-05-11,398726.33999999997
2015-05-12,397333.95
2015-05-13,395988.59
2015-05-14,394284.1
2015-05-15,393833.23
2015-05-16,391540.38
2015-05-17,389604.0
2015-05-18,390627.47000000003
2015-05-19,389071.02
2015-05-20,386840.48000000004
2015-05-21,385853.8
2015-05-22,401484.77
2015-05-23,450983.25
2015-05-24,467721.74
2015-05-25,441421.0
2015-05-26,430440.61
2015-05-27,412174.61
2015-05-28,379754.34
2015-05-29,376352.4
2015-05-30,375021.02
2015-05-31,376214.77
2015-06-01,385582.0
2015-06-02,391798.24
2015-06-03,385945.66
2015-06-04,384527.62
2015-06-05,382657.31
2015-06-06,380247.7
2015-06-07,301519.66
2015-06-08,381052.1
2015-06-09,383019.27
2015-06-10,385591.54
2015-06-11,396787.63
2015-06-12,417255.0
2015-06-13,413850.39999999997
2015-06-14,409457.34
2015-06-15,409548.0
2015-06-16,406244.75
2015-06-17,403483.23
2015-06-18,402668.13
2015-06-19,407727.0
2015-06-20,412810.99
2015-06-21,412468.92
2015-06-22,417423.48
2015-06-23,435541.42000000004
2015-06-24,448925.16
2015-06-25,447399.0
2015-06-26,450437.29000000004
2015-06-27,451443.34
2015-06-28,433696.32
2015-06-29,464070.89999999997
2015-06-30,473795.43
2015-07-01,395178.08
2015-07-02,393253.06
2015-07-03,390256.98000000004
2015-07-04,383807.54
2015-07-05,381904.21
2015-07-06,377584.24
2015-07-07,374684.77
2015-07-08,372323.01
2015-07-09,368637.2
2015-07-10,364373.07
2015-07-11,362228.0
2015-07-12,357714.24
2015-07-13,352411.22
2015-07-14,349350.74
2015-07-15,345243.26
2015-07-16,340888.64
2015-07-17,339505.81
2015-07-18,330985.29000000004
2015-07-19,319865.42000000004
2015-07-20,316573.11
2015-07-21,319993.86
2015-07-22,343808.3
2015-07-23,350239.0
2015-07-24,360575.52999999997
2015-07-25,350817.11
2015-07-26,350229.22
2015-07-27,347321.17
2015-07-28,343532.47000000003
2015-07-29,334305.31
2015-07-30,339172.63999999996
2015-07-31,343174.81999999995
2015-08-01,353424.98
2015-08-02,347001.57999999996
2015-08-03,356862.17
2015-08-04,367930.46
2015-08-05,403020.26
2015-08-06,380256.57999999996
2015-08-07,305441.59
2015-08-08,296786.3
2015-08-09,296106.42
2015-08-10,294402.79000000004
2015-08-11,293039.27
2015-08-12,291566.76
2015-08-13,291922.12
2015-08-14,291525.36
2015-08-15,297025.14
2015-08-16,331411.27
2015-08-17,326059.12
2015-08-18,325972.15
2015-08-19,327155.67
2015-08-20,328836.08
2015-08-21,329432.47
2015-08-22,326190.12
2015-08-23,320252.58
2015-08-24,321561.6
2015-08-25,319934.0
2015-08-26,195143.77
2015-08-27,0.0
2015-08-28,0.0
2015-08-29,0.0
2015-08-30,0.0
2015-08-31,206245.32
2015-09-01,336896.9
2015-09-02,322050.24
2015-09-03,310557.13
2015-09-04,300620.0
2015-09-05,344230.71
2015-09-06,340054.51999999996
2015-09-07,339551.29000000004
2015-09-08,339079.2
2015-09-09,338170.18
2015-09-10,335043.64
2015-09-11,330963.6
2015-09-12,339205.75
2015-09-13,338352.12
2015-09-14,337861.61
2015-09-15,344281.60000000003
2015-09-16,346112.83999999997
2015-09-17,357134.95
2015-09-18,377440.15
2015-09-19,352846.16000000003
2015-09-20,290912.31
2015-09-21,291526.71
2015-09-22,229298.34
2015-09-23,293116.74
2015-09-24,288351.16
2015-09-25,285335.71
2015-09-26,283173.08
2015-09-27,283149.3
2015-09-28,280387.26
2015-09-29,280171.0
2015-09-30,282314.28
2015-10-01,287294.0
2015-10-02,292896.74
2015-10-03,299483.39
2015-10-04,296365.20999999996
2015-10-05,296633.1
2015-10-06,295697.48
2015-10-07,294633.62
2015-10-08,292875.73
2015-10-09,301443.0
2015-10-10,301396.77
2015-10-11,302090.88
2015-10-12,300735.57
2015-10-13,265403.48
2015-10-14,299132.67
2015-10-15,310652.16
2015-10-16,322913.46
2015-10-17,317354.16000000003
2015-10-18,314912.78
2015-10-19,319793.39999999997
2015-10-20,319213.63
2015-10-21,315351.4
2015-10-22,315907.01999999996
2015-10-23,314461.46
2015-10-24,318330.56
2015-10-25,334499.43000000005
2015-10-26,179480.56
2015-10-27,181303.09999999998
2015-10-28,184618.91
2015-10-29,240003.8
2015-10-30,240328.75
2015-10-31,134708.47999999998
2015-11-01,133930.84000000003
2015-11-02,124827.26
2015-11-03,251439.16
2015-11-04,343775.0
2015-11-05,345873.79
2015-11-06,317600.77999999997
2015-11-07,311228.86
2015-11-08,322870.0
2015-11-09,316382.52999999997
2015-11-10,315230.21
2015-11-11,326149.51999999996
2015-11-12,322430.81
2015-11-13,320860.0
2015-11-14,328225.11
2015-11-15,324777.54000000004
2015-11-16,325152.7
2015-11-17,323118.0
2015-11-18,317247.16
2015-11-19,308614.07
2015-11-20,328328.14
2015-11-21,339117.24
2015-11-22,333127.85
2015-11-23,329548.35000000003
2015-11-24,325252.02
2015-11-25,324336.44
2015-11-26,320451.55000000005
2015-11-27,319181.62
2015-11-28,322576.27
2015-11-29,318784.31
2015-11-30,315677.96
2015-12-01,312983.0
2015-12-02,314260.64
2015-12-03,316761.18
2015-12-04,329304.44
2015-12-05,324630.2
2015-12-06,323386.87
2015-12-07,327557.07
2015-12-08,333051.04000000004
2015-12-09,239344.93999999997
2015-12-10,305599.71
2015-12-11,306861.44
2015-12-12,306650.3
2015-12-13,304534.68
2015-12-14,302797.89
2015-12-15,300341.69
2015-12-16,298098.99
2015-12-17,295249.04000000004
2015-12-18,292193.0
2015-12-19,289512.52
2015-12-20,286721.96
2015-12-21,284245.17000000004
2015-12-22,281622.49
2015-12-23,282422.73
2015-12-24,280996.07
2015-12-25,278041.59
2015-12-26,277524.94
2015-12-27,275963.72
2015-12-28,274766.05
2015-12-29,273769.1
2015-12-30,273006.5
2015-12-31,271569.05
2016-01-01,269260.63
2016-01-02,265907.0
2016-01-03,189080.65
2016-01-04,213466.29
2016-01-05,254573.47
2016-01-06,263089.42
2016-01-07,274147.27
2016-01-08,277718.26
2016-01-09,280486.17
2016-01-10,278667.0
2016-01-11,277420.57
2016-01-12,275870.11
2016-01-13,260860.08000000002
2016-01-14,284926.43
2016-01-15,278354.73000000004
2016-01-16,276010.97
2016-01-17,273109.82
2016-01-18,272231.8
2016-01-19,273571.1
2016-01-20,243884.87000000002
2016-01-21,266866.27
2016-01-22,255603.34
2016-01-23,260024.69999999998
2016-01-24,261925.90000000002
2016-01-25,224830.0
2016-01-26,239964.56
2016-01-27,265418.15
2016-01-28,256581.75
2016-01-29,256196.77
2016-01-30,254538.4
2016-01-31,251062.21000000002
2016-02-01,250068.33
2016-02-02,248625.48
2016-02-03,246827.53
2016-02-04,212229.0
2016-02-05,249853.06
2016-02-06,255747.82
2016-02-07,253953.36000000002
2016-02-08,257138.22
2016-02-09,267008.15
2016-02-10,270044.41000000003
2016-02-11,274831.57
2016-02-12,275545.22
2016-02-13,267479.93000000005
2016-02-14,265718.93999999994
2016-02-15,263531.9
2016-02-16,261900.78000000003
2016-02-17,259779.33
2016-02-18,257086.0
2016-02-19,260138.0
2016-02-20,265783.92000000004
2016-02-21,259316.16999999998
2016-02-22,267074.27999999997
2016-02-23,265969.84
2016-02-24,267723.18
2016-02-25,272646.06
2016-02-26,246936.37000000002
2016-02-27,241964.0
2016-02-28,242633.69
2016-02-29,241074.46999999997
2016-03-01,240078.25999999998
2016-03-02,237067.78
2016-03-03,236118.16
2016-03-04,233994.49
2016-03-05,231588.49
2016-03-06,230315.66
2016-03-07,228753.52
2016-03-08,227117.57
2016-03-09,224588.14
2016-03-10,222343.0
2016-03-11,220962.93
2016-03-12,212735.85
2016-03-13,216352.52
2016-03-14,219072.59
2016-03-15,217790.66
2016-03-16,204101.72
2016-03-17,217767.76
2016-03-18,216172.88
2016-03-19,219692.86000000002
2016-03-20,221430.09
2016-03-21,224963.06
2016-03-22,228995.40999999997
2016-03-23,234885.0
2016-03-24,226635.69
2016-03-25,217511.95
2016-03-26,218705.0
2016-03-27,210486.0
2016-03-28,217162.99999999997
2016-03-29,216770.31
2016-03-30,215668.66
2016-03-31,210437.91
2016-04-01,208998.58
2016-04-02,206749.18
2016-04-03,205746.49
2016-04-04,204751.0
2016-04-05,211679.78
2016-04-06,169855.73
2016-04-07,197188.5
2016-04-08,184775.27
2016-04-09,179985.8
2016-04-10,177207.11
2016-04-11,176800.88999999998
2016-04-12,178640.5
2016-04-13,177629.86
2016-04-14,176951.62
2016-04-15,175223.66
2016-04-16,106785.62
2016-04-17,102099.23
2016-04-18,112080.95999999999
2016-04-19,140395.18
2016-04-20,118634.7
2016-04-21,82027.43
2016-04-22,70312.36
2016-04-23,93577.7
2016-04-24,154414.4
2016-04-25,157442.65
2016-04-26,159649.59
2016-04-27,158493.13
2016-04-28,156296.21
2016-04-29,152683.32
2016-04-30,152140.04
2016-05-01,143455.36000000002
2016-05-02,134224.94
2016-05-03,134805.9
2016-05-04,150178.57
2016-05-05,155913.39
2016-05-06,160246.34999999998
2016-05-07,160911.66999999998
2016-05-08,159677.8
2016-05-09,158052.35
2016-05-10,156270.68
2016-05-11,156130.19
2016-05-12,155167.47
2016-05-13,153992.97
2016-05-14,152883.1
2016-05-15,135156.33000000002
2016-05-16,111739.83
2016-05-17,152548.4
2016-05-18,152232.55
2016-05-19,151214.88
2016-05-20,149033.25
2016-05-21,146605.35
2016-05-22,147819.32
2016-05-23,148578.81
2016-05-24,149539.21000000002
2016-05-25,149577.93
2016-05-26,149653.66
2016-05-27,148637.41999999998
2016-05-28,149249.91
2016-05-29,148708.9
2016-05-30,146694.35
2016-05-31,154376.41
2016-06-01,152435.95
2016-06-02,153554.54
2016-06-03,139843.01
2016-06-04,127740.04
2016-06-05,127522.0
2016-06-06,127121.15
2016-06-07,127928.9
2016-06-08,114461.01000000001
2016-06-09,127475.46
2016-06-10,143141.48
2016-06-11,141862.93
2016-06-12,132510.94999999998
2016-06-13,141614.09
2016-06-14,140564.55
2016-06-15,147166.63
2016-06-16,147955.1
2016-06-17,149717.97
2016-06-18,150560.4
2016-06-19,150311.05
2016-06-20,150354.94
2016-06-21,150190.34
2016-06-22,150211.32
2016-06-23,144898.42
2016-06-24,147993.65
2016-06-25,147404.88999999998
2016-06-26,147995.01
2016-06-27,145883.95
2016-06-28,147402.51
2016-06-29,147508.0
2016-06-30,146974.05
2016-07-01,146749.26
2016-07-02,146713.72
2016-07-03,145870.02
2016-07-04,145816.84
2016-07-05,146011.25
2016-07-06,139770.13
2016-07-07,126221.43
2016-07-08,126442.8
2016-07-09,118056.86
2016-07-10,128146.29999999999
2016-07-11,122751.12
2016-07-12,126715.66999999998
2016-07-13,99852.40000000001
2016-07-14,85741.93
2016-07-15,80487.29
2016-07-16,109787.19
2016-07-17,72910.55
2016-07-18,91587.23
2016-07-19,98327.01
2016-07-20,99379.27
2016-07-21,97554.37
2016-07-22,92813.22
2016-07-23,93002.86
2016-07-24,95761.23
2016-07-25,94756.07
2016-07-26,93344.14000000001
2016-07-27,91594.69
2016-07-28,92835.02
2016-07-29,92143.46
2016-07-30,94802.58
2016-07-31,91269.56999999999
2016-08-01,91904.83
2016-08-02,95922.43000000001
2016-08-03,85779.06
2016-08-04,96095.02
2016-08-05,89109.03
2016-08-06,86307.29000000001
2016-08-07,92545.33
2016-08-08,87481.35
2016-08-09,83099.27
2016-08-10,87807.86
2016-08-11,86934.39
2016-08-12,86132.77
2016-08-13,70005.95
2016-08-14,71126.47
2016-08-15,73364.98
2016-08-16,75792.9
2016-08-17,73499.9
2016-08-18,75529.18
2016-08-19,76645.14
2016-08-20,74998.8
2016-08-21,77036.34
2016-08-22,77127.24
2016-08-23,78762.46
2016-08-24,78176.41
2016-08-25,79116.57
2016-08-26,81524.56
2016-08-27,92616.6
2016-08-28,90425.91
2016-08-29,89285.55
2016-08-30,84910.09
2016-08-31,84865.58
2016-09-01,87749.66
2016-09-02,86616.0
2016-09-03,87383.85
2016-09-04,87504.87
2016-09-05,87798.79
2016-09-06,88650.38
2016-09-07,88563.48
2016-09-08,89379.12
2016-09-09,89482.0
2016-09-10,90470.31
2016-09-11,90540.97
2016-09-12,90810.01
2016-09-13,88042.16
2016-09-14,90188.97
2016-09-15,91890.07
2016-09-16,91579.73
2016-09-17,32165.98
