DATEPRD,BORE_OIL_VOL
2008-02-12,284.65
2008-02-13,1869.7
2008-02-14,3124.09
2008-02-15,2608.28
2008-02-16,3051.8
2008-02-17,2982.63
2008-02-18,2980.52
2008-02-19,3046.19
2008-02-20,3057.18
2008-02-21,3030.33
2008-02-22,2907.56
2008-02-23,1851.72
2008-02-24,3126.7
2008-02-25,3045.54
2008-02-26,3046.54
2008-02-27,3035.54
2008-02-28,2971.55
2008-02-29,3070.54
2008-03-01,3068.48
2008-03-02,3066.54
2008-03-03,3043.54
2008-03-04,2983.19
2008-03-05,2967.05
2008-03-06,2950.88
2008-03-07,2656.62
2008-03-08,2578.48
2008-03-09,2996.83
2008-03-10,3021.4
2008-03-11,3010.4
2008-03-12,2794.44
2008-03-13,3058.89
2008-03-14,2964.81
2008-03-15,3131.37
2008-03-16,3135.37
2008-03-17,3143.37
2008-03-18,3132.37
2008-03-19,3139.62
2008-03-20,3156.67
2008-03-21,3192.14
2008-03-22,3172.12
2008-03-23,3160.26
2008-03-24,3153.35
2008-03-25,3130.58
2008-03-26,960.26
2008-03-27,0.0
2008-03-28,73.44
2008-03-29,3137.26
2008-03-30,1430.95
2008-03-31,1950.58
2008-04-01,3060.6
2008-04-02,3053.67
2008-04-03,3103.12
2008-04-04,3110.68
2008-04-05,3303.3
2008-04-06,3028.41
2008-04-07,2998.8
2008-04-08,3054.12
2008-04-09,3025.8
2008-04-10,3003.22
2008-04-11,3015.97
2008-04-12,1615.37
2008-04-13,429.77
2008-04-14,2578.63
2008-04-15,2494.26
2008-04-16,2847.56
2008-04-17,1120.57
2008-04-18,2448.14
2008-04-19,2513.65
2008-04-20,2752.75
2008-04-21,2752.3
2008-04-22,2737.24
2008-04-23,2735.53
2008-04-24,2730.33
2008-04-25,2727.65
2008-04-26,2747.01
2008-04-27,1985.59
2008-04-29,546.58
2008-04-30,3011.83
2008-05-01,3167.59
2008-05-02,3163.92
2008-05-03,3173.19
2008-05-04,3188.85
2008-05-05,3186.96
2008-05-06,3176.89
2008-05-07,3171.32
2008-05-08,3170.85
2008-05-09,3188.02
2008-05-10,3415.68
2008-05-11,3701.51
2008-05-12,4002.28
2008-05-13,4253.12
2008-05-14,4279.91
2008-05-15,4439.62
2008-05-16,4582.9
2008-05-17,4677.42
2008-05-18,4688.63
2008-05-19,4687.74
2008-05-20,4885.56
2008-05-21,5013.12
2008-05-22,5017.55
2008-05-23,5019.23
2008-05-24,5034.28
2008-05-25,5045.72
2008-05-26,5053.01
2008-05-27,5065.87
2008-05-28,5072.27
2008-05-29,5086.33
2008-05-30,3869.22
2008-05-31,0.0
2008-06-01,22.94
2008-06-02,4019.51
2008-06-03,4999.75
2008-06-04,5067.01
2008-06-05,5040.47
2008-06-06,5058.13
2008-06-07,5057.56
2008-06-08,5070.12
2008-06-09,5081.36
2008-06-10,5081.78
2008-06-11,5087.06
2008-06-12,5060.12
2008-06-13,5032.29
2008-06-14,4332.16
2008-06-15,5087.53
2008-06-16,5102.25
2008-06-17,5102.84
2008-06-18,5135.06
2008-06-19,5140.62
2008-06-20,4721.66
2008-06-21,5037.62
2008-06-22,5147.1
2008-06-23,5114.6
2008-06-24,5123.74
2008-06-25,5135.48
2008-06-26,4232.54
2008-06-27,5126.41
2008-06-28,5075.74
2008-06-29,5121.12
2008-06-30,4372.28
2008-07-01,3980.51
2008-07-02,5114.67
2008-07-03,5083.67
2008-07-04,5080.84
2008-07-05,5086.26
2008-07-06,5087.7
2008-07-07,5094.92
2008-07-08,5095.75
2008-07-09,5094.03
2008-07-10,4621.52
2008-07-11,2855.54
2008-07-12,686.84
2008-07-13,5904.64
2008-07-14,4411.16
2008-07-15,6836.92
2008-07-16,6557.63
2008-07-17,6629.63
2008-07-18,5995.91
2008-07-19,5950.66
2008-07-20,5977.040000000001
2008-07-21,5925.65
2008-07-22,5884.08
2008-07-23,5894.47
2008-07-24,5911.48
2008-07-25,5926.969999999999
2008-07-26,5904.41
2008-07-27,5909.64
2008-07-28,5905.84
2008-07-29,6016.82
2008-07-30,5987.7
2008-07-31,5866.79
2008-08-01,6095.34
2008-08-02,6089.46
2008-08-03,6104.92
2008-08-04,6112.610000000001
2008-08-05,6134.42
2008-08-06,1831.1799999999998
2008-08-08,1533.2
2008-08-09,7881.25
2008-08-10,8498.16
2008-08-11,8530.49
2008-08-12,8544.81
2008-08-13,8390.12
2008-08-14,8029.870000000001
2008-08-15,8102.120000000001
2008-08-16,9058.32
2008-08-17,9166.8
2008-08-18,9040.37
2008-08-19,9034.9
2008-08-20,9013.53
2008-08-21,7361.25
2008-08-22,2049.86
2008-08-23,2059.29
2008-08-24,2080.27
2008-08-25,2089.77
2008-08-26,2093.46
2008-08-27,2084.4
2008-08-28,2086.63
2008-08-29,2189.55
2008-08-30,2058.63
2008-08-31,2098.6800000000003
2008-09-01,2029.12
2008-09-02,2182.67
2008-09-03,2164.78
2008-09-04,2186.74
2008-09-05,2230.26
2008-09-06,2202.77
2008-09-07,2173.11
2008-09-08,2229.99
2008-09-09,2272.65
2008-09-10,5560.12
2008-09-11,8881.31
2008-09-12,8525.45
2008-09-13,8983.18
2008-09-14,9000.2
2008-09-15,9017.02
2008-09-16,8987.73
2008-09-17,8941.029999999999
2008-09-18,6452.68
2008-09-19,6720.790000000001
2008-09-20,8959.279999999999
2008-09-21,7379.33
2008-09-22,7536.27
2008-09-23,8943.720000000001
2008-09-24,8965.900000000001
2008-09-25,8270.09
2008-09-26,9029.43
2008-09-27,8076.900000000001
2008-09-28,8527.869999999999
2008-09-29,8923.17
2008-09-30,6909.65
2008-10-01,8926.72
2008-10-02,8889.39
2008-10-03,8875.8
2008-10-04,7418.12
2008-10-05,8796.73
2008-10-06,5612.18
2008-10-07,6948.780000000001
2008-10-08,6927.84
2008-10-09,6915.68
2008-10-10,6927.030000000001
2008-10-11,6971.63
2008-10-12,7020.05
2008-10-13,7036.65
2008-10-14,7040.04
2008-10-15,7012.66
2008-10-16,7019.37
2008-10-17,7038.43
2008-10-18,7273.950000000001
2008-10-19,7154.29
2008-10-20,7093.38
2008-10-21,7088.77
2008-10-22,8034.56
2008-10-23,8016.0599999999995
2008-10-24,8101.91
2008-10-25,8158.33
2008-10-26,8445.8
2008-10-27,8051.48
2008-10-28,8851.49
2008-10-29,7616.200000000001
2008-10-30,8932.25
2008-10-31,8978.72
2008-11-01,7403.67
2008-11-02,8174.98
2008-11-03,8414.58
2008-11-04,8585.24
2008-11-05,8646.34
2008-11-06,8607.289999999999
2008-11-07,8446.86
2008-11-08,8496.11
2008-11-09,8616.63
2008-11-10,8524.09
2008-11-11,8569.59
2008-11-12,8547.130000000001
2008-11-13,8583.789999999999
2008-11-14,8605.08
2008-11-15,8605.81
2008-11-16,8583.2
2008-11-17,8603.35
2008-11-18,8556.029999999999
2008-11-19,8686.24
2008-11-20,8606.15
2008-11-21,6977.95
2008-11-22,8614.5
2008-11-23,8066.139999999999
2008-11-24,8349.3
2008-11-25,8723.57
2008-11-26,8999.34
2008-11-27,9033.67
2008-11-28,4677.83
2008-11-29,7954.08
2008-11-30,9066.630000000001
2008-12-01,8428.7
2008-12-02,8480.07
2008-12-03,8958.380000000001
2008-12-04,9005.83
2008-12-05,8839.03
2008-12-06,8955.42
2008-12-07,9010.41
2008-12-08,8894.0
2008-12-09,8964.91
2008-12-10,8971.779999999999
2008-12-11,8652.460000000001
2008-12-12,8919.7
2008-12-13,8994.5
2008-12-14,9022.869999999999
2008-12-15,8947.02
2008-12-16,8905.85
2008-12-17,8887.08
2008-12-18,8999.55
2008-12-19,8995.7
2008-12-20,8941.88
2008-12-21,8964.73
2008-12-22,8976.17
2008-12-23,8986.32
2008-12-24,9002.34
2008-12-25,8976.36
2008-12-26,8996.689999999999
2008-12-27,8993.11
2008-12-28,8989.939999999999
2008-12-29,8983.3
2008-12-30,8978.630000000001
2008-12-31,9016.220000000001
2009-01-01,9035.2
2009-01-02,8919.529999999999
2009-01-03,7943.950000000001
2009-01-04,8937.66
2009-01-05,9124.84
2009-01-06,7321.55
2009-01-07,8931.779999999999
2009-01-08,8955.86
2009-01-09,8271.23
2009-01-10,9129.23
2009-01-11,9076.89
2009-01-12,9080.56
2009-01-13,9030.8
2009-01-14,9095.29
2009-01-15,8975.52
2009-01-16,8980.560000000001
2009-01-17,8621.14
2009-01-18,8932.52
2009-01-19,9047.36
2009-01-20,8933.4
2009-01-21,8286.18
2009-01-22,8347.5
2009-01-23,8978.42
2009-01-24,8933.05
2009-01-25,9014.43
2009-01-26,8948.05
2009-01-27,8951.65
2009-01-28,7453.969999999999
2009-01-29,6145.68
2009-01-30,8933.740000000002
2009-01-31,8912.279999999999
2009-02-01,7491.49
2009-02-02,8936.42
2009-02-03,8959.05
2009-02-04,5822.070000000001
2009-02-05,8905.529999999999
2009-02-06,8932.07
2009-02-07,7239.41
2009-02-08,8859.29
2009-02-09,7982.59
2009-02-10,8809.34
2009-02-11,8811.279999999999
2009-02-12,8938.779999999999
2009-02-13,7518.57
2009-02-14,8949.39
2009-02-15,8715.07
2009-02-16,7964.6
2009-02-17,9006.32
2009-02-18,8951.17
2009-02-19,8952.55
2009-02-20,8948.71
2009-02-21,6782.0
2009-02-22,8854.91
2009-02-23,8916.14
2009-02-24,8854.67
2009-02-25,7262.84
2009-02-26,8833.849999999999
2009-02-27,8736.57
2009-02-28,8851.31
2009-03-01,8845.369999999999
2009-03-02,8973.720000000001
2009-03-03,8977.42
2009-03-04,8896.03
2009-03-05,4415.02
2009-03-06,7354.049999999999
2009-03-07,5569.5599999999995
2009-03-08,4990.38
2009-03-09,4306.77
2009-03-10,7316.879999999999
2009-03-11,6599.37
2009-03-12,8219.439999999999
2009-03-13,5189.360000000001
2009-03-14,4690.25
2009-03-15,5833.93
2009-03-16,6944.23
2009-03-17,5634.32
2009-03-18,7996.17
2009-03-19,8298.32
2009-03-20,8757.14
2009-03-21,8868.48
2009-03-22,8871.369999999999
2009-03-23,8908.46
2009-03-24,8732.94
2009-03-25,1229.54
2009-03-26,0.0
2009-03-27,0.0
2009-03-28,0.0
2009-03-29,0.0
2009-03-30,611.73
2009-03-31,8572.9
2009-04-01,8803.83
2009-04-02,8976.69
2009-04-03,8945.14
2009-04-04,8763.88
2009-04-05,8409.72
2009-04-06,5544.62
2009-04-07,5677.96
2009-04-08,8046.68
2009-04-09,7332.379999999999
2009-04-10,5656.03
2009-04-11,5595.21
2009-04-12,7441.17
2009-04-13,8926.2
2009-04-14,8973.32
2009-04-15,5968.2300000000005
2009-04-16,7565.0
2009-04-17,8856.54
2009-04-18,6689.150000000001
2009-04-19,5831.03
2009-04-20,8896.55
2009-04-21,8919.869999999999
2009-04-22,6887.030000000001
2009-04-23,8827.29
2009-04-24,8882.21
2009-04-25,8903.630000000001
2009-04-26,8959.39
2009-04-27,8925.5
2009-04-28,8904.61
2009-04-29,8894.689999999999
2009-04-30,8896.19
2009-05-01,8942.2
2009-05-02,8880.89
2009-05-03,8893.869999999999
2009-05-04,851.35
2009-05-06,6858.41
2009-05-07,8149.67
2009-05-08,8896.83
2009-05-09,8736.93
2009-05-10,9043.5
2009-05-11,9052.66
2009-05-12,9010.29
2009-05-13,8882.49
2009-05-14,8923.560000000001
2009-05-15,8967.02
2009-05-16,8979.16
2009-05-17,8989.4
2009-05-18,8986.15
2009-05-19,8980.67
2009-05-20,8983.47
2009-05-21,9025.54
2009-05-22,9100.369999999999
2009-05-23,8919.57
2009-05-24,8900.11
2009-05-25,8881.49
2009-05-26,8936.39
2009-05-27,8954.380000000001
2009-05-28,8963.86
2009-05-29,8750.73
2009-05-30,8903.35
2009-05-31,8869.74
2009-06-01,8911.619999999999
2009-06-02,8911.74
2009-06-03,8883.289999999999
2009-06-04,8861.66
2009-06-05,8890.710000000001
2009-06-06,6593.66
2009-06-07,8704.6
2009-06-08,8920.2
2009-06-09,8801.2
2009-06-10,8798.310000000001
2009-06-11,7326.530000000001
2009-06-12,8763.3
2009-06-13,7310.52
2009-06-14,6429.04
2009-06-15,6719.88
2009-06-16,8408.09
2009-06-17,8565.0
2009-06-18,8531.79
2009-06-19,8614.49
2009-06-20,8868.25
2009-06-21,6199.38
2009-06-22,6119.05
2009-06-23,6201.35
2009-06-24,6211.48
2009-06-25,5688.24
2009-06-26,4718.4
2009-06-27,4502.19
2009-06-28,4479.17
2009-06-29,4579.639999999999
2009-06-30,4570.96
2009-07-01,4562.8
2009-07-02,4536.71
2009-07-03,4518.6
2009-07-04,4503.57
2009-07-05,4496.860000000001
2009-07-06,5593.780000000001
2009-07-07,5593.8099999999995
2009-07-08,5483.58
2009-07-09,5483.97
2009-07-10,5457.41
2009-07-11,5488.15
2009-07-12,5513.41
2009-07-13,5632.67
2009-07-14,5572.91
2009-07-15,5482.05
2009-07-16,5467.56
2009-07-17,5483.030000000001
2009-07-18,5394.1
2009-07-19,4533.52
2009-07-20,5668.92
2009-07-21,6087.700000000001
2009-07-22,6095.08
2009-07-23,6014.35
2009-07-24,5932.59
2009-07-25,6071.74
2009-07-26,6041.21
2009-07-27,5996.74
2009-07-28,6079.98
2009-07-29,6079.37
2009-07-30,6093.469999999999
2009-07-31,6017.43
2009-08-01,6017.43
2009-08-02,2577.37
2009-08-04,11.98
2009-08-05,7434.799999999999
2009-08-06,8934.06
2009-08-07,8626.0
2009-08-08,4482.219999999999
2009-08-09,9260.77
2009-08-10,9436.61
2009-08-11,9061.25
2009-08-12,8896.060000000001
2009-08-13,8918.9
2009-08-14,8964.57
2009-08-15,8982.64
2009-08-16,8991.849999999999
2009-08-17,9016.220000000001
2009-08-18,9004.82
2009-08-19,9020.490000000002
2009-08-20,9033.2
2009-08-21,9025.44
2009-08-22,9025.93
2009-08-23,9016.07
2009-08-24,9061.220000000001
2009-08-25,9272.84
2009-08-26,4132.530000000001
2009-08-27,7010.57
2009-08-28,8995.74
2009-08-29,4803.8099999999995
2009-08-30,4848.34
2009-08-31,3044.04
2009-09-02,0.0
2009-09-03,0.0
2009-09-04,293.98
2009-09-05,3525.8599999999997
2009-09-06,4244.26
2009-09-07,7316.34
2009-09-08,8217.960000000001
2009-09-09,9002.35
2009-09-10,8964.69
2009-09-11,8988.599999999999
2009-09-12,9002.54
2009-09-13,9004.119999999999
2009-09-14,8942.82
2009-09-15,8904.09
2009-09-16,9046.27
2009-09-17,8986.01
2009-09-18,8996.970000000001
2009-09-19,8958.7
2009-09-20,8950.25
2009-09-21,9073.650000000001
2009-09-22,9047.18
2009-09-23,9013.3
2009-09-24,8955.46
2009-09-25,8957.7
2009-09-26,4023.56
2009-09-27,32.03
2009-09-28,0.0
2009-09-29,0.0
2009-09-30,0.0
2009-10-01,3995.7
2009-10-02,8450.84
2009-10-03,8932.24
2009-10-04,8927.939999999999
2009-10-05,8812.55
2009-10-06,6776.03
2009-10-07,8419.150000000001
2009-10-08,8260.69
2009-10-09,7957.379999999999
2009-10-10,8040.870000000001
2009-10-11,8007.26
2009-10-12,8039.89
2009-10-13,6497.68
2009-10-14,7735.8
2009-10-15,6152.469999999999
2009-10-16,8566.5
2009-10-17,2497.13
2009-10-18,6553.219999999999
2009-10-19,8019.12
2009-10-20,8014.58
2009-10-21,8008.53
2009-10-22,7988.44
2009-10-23,2825.34
2009-10-24,375.91999999999996
2009-10-25,7574.389999999999
2009-10-26,8082.54
2009-10-27,8095.88
2009-10-28,8090.7699999999995
2009-10-29,7531.09
2009-10-30,8417.27
2009-10-31,7999.76
2009-11-01,8078.14
2009-11-02,8042.93
2009-11-03,8076.68
2009-11-04,5756.27
2009-11-05,8063.83
2009-11-06,8012.99
2009-11-07,8068.38
2009-11-08,8104.969999999999
2009-11-09,7210.91
2009-11-10,7654.91
2009-11-11,8041.95
2009-11-12,8043.56
2009-11-13,7992.82
2009-11-14,8038.200000000001
2009-11-15,8027.26
2009-11-16,8023.8099999999995
2009-11-17,8020.74
2009-11-18,8075.76
2009-11-19,8042.23
2009-11-20,6703.68
2009-11-21,8069.33
2009-11-22,8038.5599999999995
2009-11-23,6500.92
2009-11-24,6826.39
2009-11-25,7984.66
2009-11-26,7966.0599999999995
2009-11-27,7964.5
2009-11-28,7946.58
2009-11-29,8294.689999999999
2009-11-30,8387.47
2009-12-01,8336.72
2009-12-02,8367.029999999999
2009-12-03,8344.13
2009-12-04,8398.37
2009-12-05,7987.21
2009-12-06,8335.099999999999
2009-12-07,8363.56
2009-12-08,8368.19
2009-12-09,8422.32
2009-12-10,8449.21
2009-12-11,8399.83
2009-12-12,8385.02
2009-12-13,7969.75
2009-12-14,8291.37
2009-12-15,8241.54
2009-12-16,8252.45
2009-12-17,7770.719999999999
2009-12-18,4646.43
2009-12-19,5147.88
2009-12-20,6981.91
2009-12-21,8408.47
2009-12-22,8398.02
2009-12-23,8375.18
2009-12-24,8369.26
2009-12-25,7370.77
2009-12-26,8140.52
2009-12-27,8304.08
2009-12-28,8210.42
2009-12-29,8174.12
2009-12-30,8172.0
2009-12-31,8134.29
2010-01-01,8218.1
2010-01-02,8229.630000000001
2010-01-03,8057.57
2010-01-04,7902.22
2010-01-05,7952.24
2010-01-06,7955.800000000001
2010-01-07,7914.4400000000005
2010-01-08,7909.03
2010-01-09,6336.32
2010-01-10,7867.2
2010-01-11,7872.289999999999
2010-01-12,7873.040000000001
2010-01-13,7849.85
2010-01-14,7802.24
2010-01-15,7796.68
2010-01-16,7713.539999999999
2010-01-17,7601.24
2010-01-18,7530.0
2010-01-19,7460.77
2010-01-20,7417.99
2010-01-21,7345.13
2010-01-22,7310.0
2010-01-23,5946.27
2010-01-24,6953.960000000001
2010-01-25,7286.110000000001
2010-01-26,6400.860000000001
2010-01-27,6969.200000000001
2010-01-28,7018.41
2010-01-29,7136.85
2010-01-30,7141.14
2010-01-31,7111.96
2010-02-01,7089.23
2010-02-02,6935.549999999999
2010-02-03,6760.550000000001
2010-02-04,6622.959999999999
2010-02-05,6852.3
2010-02-06,6807.82
2010-02-07,6687.360000000001
2010-02-08,6935.150000000001
2010-02-09,6879.67
2010-02-10,6770.700000000001
2010-02-11,6606.98
2010-02-12,6184.73
2010-02-13,6164.03
2010-02-14,3548.27
2010-02-15,3065.41
2010-02-16,6760.450000000001
2010-02-17,6646.8
2010-02-18,5353.15
2010-02-19,6587.9400000000005
2010-02-20,6465.13
2010-02-21,6530.08
2010-02-22,6479.42
2010-02-23,5605.9
2010-02-24,6523.41
2010-02-25,4997.13
2010-02-26,4520.88
2010-02-27,4737.98
2010-03-02,51.61
2010-03-03,5580.15
2010-03-04,6477.82
2010-03-05,6500.639999999999
2010-03-06,5523.639999999999
2010-03-08,3557.5199999999995
2010-03-09,6751.69
2010-03-10,6612.07
2010-03-11,5913.799999999999
2010-03-12,4576.23
2010-03-13,6368.05
2010-03-14,6484.82
2010-03-15,6412.35
2010-03-16,6161.5
2010-03-17,6194.75
2010-03-18,6229.49
2010-03-19,6162.85
2010-03-20,6099.99
2010-03-21,6048.35
2010-03-22,6104.18
2010-03-23,6177.23
2010-03-24,6129.08
2010-03-25,6136.92
2010-03-26,6132.63
2010-03-27,6126.38
2010-03-28,5882.89
2010-03-29,6120.2
2010-03-30,6028.91
2010-03-31,6015.12
2010-04-01,786.82
2010-04-02,4212.87
2010-04-03,5516.280000000001
2010-04-04,6145.030000000001
2010-04-05,6021.09
2010-04-06,5912.389999999999
2010-04-07,5897.24
2010-04-08,5837.85
2010-04-09,5764.49
2010-04-10,5722.98
2010-04-11,5673.03
2010-04-12,5697.46
2010-04-13,5681.98
2010-04-14,5686.700000000001
2010-04-15,5658.82
2010-04-16,5687.08
2010-04-17,5142.21
2010-04-18,5672.72
2010-04-19,5678.38
2010-04-20,5749.21
2010-04-21,5695.530000000001
2010-04-22,5624.85
2010-04-23,5536.04
2010-04-24,5172.1
2010-04-25,4942.6900000000005
2010-04-26,3870.5699999999997
2010-04-27,5623.21
2010-04-28,4123.05
2010-04-29,4823.42
2010-04-30,5733.33
2010-05-01,5736.7
2010-05-02,5761.889999999999
2010-05-03,5785.52
2010-05-04,4521.94
2010-05-05,5643.9
2010-05-06,5666.469999999999
2010-05-07,5674.68
2010-05-08,5647.79
2010-05-09,5627.98
2010-05-10,5598.35
2010-05-11,5589.450000000001
2010-05-12,5531.52
2010-05-13,4899.469999999999
2010-05-14,5506.87
2010-05-15,5520.92
2010-05-16,5502.25
2010-05-17,5501.219999999999
2010-05-18,5474.46
2010-05-19,5423.139999999999
2010-05-20,5374.29
2010-05-21,5333.040000000001
2010-05-22,5304.17
2010-05-23,5308.73
2010-05-24,5310.8
2010-05-25,5304.9
2010-05-26,5293.6900000000005
2010-05-27,5175.969999999999
2010-05-28,4548.0
2010-05-29,5234.73
2010-05-30,4994.89
2010-05-31,3125.11
2010-06-01,3670.92
2010-06-02,5117.95
2010-06-03,5139.3
2010-06-04,5158.19
2010-06-05,5160.46
2010-06-06,5144.35
2010-06-07,5077.01
2010-06-08,5060.719999999999
2010-06-09,5059.97
2010-06-10,5054.01
2010-06-11,5046.1
2010-06-12,5021.01
2010-06-13,5057.860000000001
2010-06-14,4989.38
2010-06-15,4917.610000000001
2010-06-16,4839.55
2010-06-17,4873.27
2010-06-18,4860.12
2010-06-19,3902.3
2010-06-20,4794.86
2010-06-21,4791.969999999999
2010-06-22,4757.45
2010-06-23,4736.43
2010-06-24,4736.43
2010-06-25,4680.74
2010-06-26,4676.799999999999
2010-06-27,4665.6900000000005
2010-06-28,4652.57
2010-06-29,4646.47
2010-06-30,4637.7
2010-07-01,4624.74
2010-07-02,4555.299999999999
2010-07-03,4482.26
2010-07-04,4441.51
2010-07-05,4417.58
2010-07-06,4418.9
2010-07-07,4386.389999999999
2010-07-08,4371.9
2010-07-09,4360.3
2010-07-10,3332.7
2010-07-11,4154.04
2010-07-12,4303.030000000001
2010-07-13,4409.1
2010-07-14,4409.8099999999995
2010-07-15,4400.5
2010-07-16,4395.9400000000005
2010-07-17,4377.280000000001
2010-07-18,4358.33
2010-07-19,4347.63
2010-07-20,4347.71
2010-07-21,4334.05
2010-07-22,4314.0599999999995
2010-07-23,4276.35
2010-07-24,4248.780000000001
2010-07-25,4247.41
2010-07-26,4227.780000000001
2010-07-27,4236.62
2010-07-28,4228.19
2010-07-29,4217.54
2010-07-30,4210.0599999999995
2010-07-31,4204.15
2010-08-01,4194.74
2010-08-02,4205.66
2010-08-03,4202.450000000001
2010-08-04,4198.79
2010-08-05,3637.24
2010-08-06,4102.93
2010-08-07,3474.46
2010-08-08,4115.07
2010-08-09,4137.28
2010-08-10,4148.18
2010-08-11,4153.05
2010-08-12,4145.24
2010-08-13,4146.36
2010-08-14,4147.360000000001
2010-08-15,4007.25
2010-08-17,0.0
2010-08-20,0.0
2010-08-21,0.0
2010-08-22,0.0
2010-08-23,0.0
2010-08-25,0.0
2010-08-26,0.0
2010-08-27,0.0
2010-08-28,0.0
2010-08-29,2184.66
2010-08-30,2778.3
2010-08-31,2552.0699999999997
2010-09-01,2512.3
2010-09-02,4394.97
2010-09-03,4254.889999999999
2010-09-04,4366.58
2010-09-05,4300.9400000000005
2010-09-06,4246.99
2010-09-07,4270.96
2010-09-08,4251.74
2010-09-09,4287.77
2010-09-10,4286.04
2010-09-11,3948.21
2010-09-12,2023.3
2010-09-13,3101.6
2010-09-14,2180.52
2010-09-15,2055.21
2010-09-16,2558.82
2010-09-17,3983.6800000000003
2010-09-18,2523.56
2010-09-19,1870.38
2010-09-20,2319.52
2010-09-21,2689.4199999999996
2010-09-22,3097.0499999999997
2010-09-23,2758.98
2010-09-24,4546.05
2010-09-25,4913.05
2010-09-26,4637.74
2010-09-27,4928.1900000000005
2010-09-28,4873.33
2010-09-29,4870.07
2010-09-30,1666.28
2010-10-01,4202.12
2010-10-02,4831.77
2010-10-03,4698.81
2010-10-04,4263.12
2010-10-05,4042.38
2010-10-06,4565.6900000000005
2010-10-07,4452.29
2010-10-08,3138.38
2010-10-09,4353.150000000001
2010-10-10,4359.2
2010-10-11,4327.360000000001
2010-10-12,4306.360000000001
2010-10-13,4282.82
2010-10-14,4277.24
2010-10-15,4262.9
2010-10-16,4255.21
2010-10-17,4243.42
2010-10-18,4221.42
2010-10-19,4188.63
2010-10-20,4156.6
2010-10-21,4138.99
2010-10-22,4092.59
2010-10-23,4099.469999999999
2010-10-24,4098.45
2010-10-25,4064.14
2010-10-26,4022.41
2010-10-27,4009.4300000000003
2010-10-28,4028.9799999999996
2010-10-29,4014.5099999999998
2010-10-30,4013.2999999999997
2010-10-31,4174.75
2010-11-01,3973.9300000000003
2010-11-02,3932.45
2010-11-03,3930.53
2010-11-04,3933.25
2010-11-05,3910.83
2010-11-06,3892.3500000000004
2010-11-07,3898.0600000000004
2010-11-08,3156.11
2010-11-09,3761.88
2010-11-10,2929.7
2010-11-11,3764.2
2010-11-12,3760.56
2010-11-13,3748.7599999999998
2010-11-14,3698.5699999999997
2010-11-15,455.59000000000003
2010-11-16,2704.25
2010-11-17,3165.29
2010-11-18,3733.3599999999997
2010-11-19,3731.4900000000002
2010-11-20,3705.83
2010-11-21,3729.7799999999997
2010-11-22,3728.9900000000002
2010-11-23,3724.7200000000003
2010-11-24,3726.29
2010-11-25,3717.77
2010-11-26,3726.4700000000003
2010-11-27,3727.04
2010-11-28,3734.8900000000003
2010-11-29,3711.75
2010-11-30,3709.24
2010-12-01,3690.76
2010-12-02,3660.07
2010-12-03,3651.87
2010-12-04,3632.72
2010-12-05,3601.81
2010-12-06,3587.8
2010-12-07,3575.6
2010-12-08,3571.4700000000003
2010-12-09,2973.17
2010-12-10,3525.6499999999996
2010-12-11,3527.64
2010-12-12,3541.14
2010-12-13,3546.95
2010-12-14,3551.52
2010-12-15,3518.8
2010-12-16,3523.51
2010-12-17,3515.4000000000005
2010-12-18,3515.84
2010-12-19,3496.63
2010-12-20,3507.88
2010-12-21,3530.25
2010-12-22,3543.32
2010-12-23,3603.87
2010-12-24,3585.71
2010-12-25,3563.2599999999998
2010-12-26,3546.61
2010-12-27,3531.14
2010-12-28,3115.8100000000004
2010-12-29,3393.3599999999997
2010-12-30,3493.46
2010-12-31,3481.17
2011-01-01,3474.7299999999996
2011-01-02,3472.34
2011-01-03,3463.41
2011-01-04,3460.93
2011-01-05,3466.73
2011-01-06,3463.26
2011-01-07,3475.75
2011-01-08,3474.2799999999997
2011-01-09,3471.0699999999997
2011-01-10,3435.95
2011-01-11,3420.39
2011-01-12,3483.3199999999997
2011-01-13,3491.1400000000003
2011-01-14,3481.21
2011-01-15,3475.1000000000004
2011-01-16,3468.15
2011-01-17,3455.17
2011-01-18,3440.52
2011-01-19,3419.33
2011-01-20,3375.31
2011-01-21,3415.13
2011-01-22,3405.8999999999996
2011-01-23,3354.92
2011-01-24,3358.0299999999997
2011-01-25,3322.43
2011-01-26,3328.41
2011-01-27,3317.6
2011-01-28,3326.4
2011-01-29,3376.1099999999997
2011-01-30,3374.42
2011-01-31,3327.56
2011-02-01,1984.74
2011-02-05,1322.5900000000001
2011-02-06,2815.9
2011-02-07,3275.67
2011-02-08,3238.58
2011-02-09,3238.67
2011-02-10,3307.09
2011-02-11,3308.74
2011-02-12,3275.96
2011-02-13,2460.29
2011-02-14,1082.87
2011-02-15,2334.48
2011-02-16,3300.4300000000003
2011-02-17,3270.34
2011-02-18,3244.52
2011-02-19,3233.42
2011-02-20,3235.37
2011-02-21,3235.77
2011-02-22,3211.5
2011-02-23,3200.23
2011-02-24,3174.5299999999997
2011-02-25,3153.0
2011-02-26,3121.0
2011-02-27,3106.29
2011-02-28,3091.8199999999997
2011-03-01,3105.08
2011-03-02,3067.7200000000003
2011-03-03,3042.51
2011-03-04,3069.96
2011-03-05,3042.9799999999996
2011-03-06,3042.24
2011-03-07,3027.96
2011-03-08,3005.75
2011-03-09,3004.08
2011-03-10,3025.5299999999997
2011-03-11,3053.24
2011-03-12,3180.5299999999997
2011-03-13,3223.35
2011-03-14,3222.1800000000003
2011-03-15,3215.58
2011-03-16,3191.94
2011-03-17,1319.74
2011-03-18,3026.0
2011-03-19,3130.1
2011-03-20,3129.19
2011-03-21,3129.86
2011-03-22,3128.39
2011-03-23,3117.98
2011-03-24,3111.1000000000004
2011-03-25,3108.17
2011-03-26,3110.79
2011-03-27,2974.24
2011-03-28,3095.48
2011-03-29,3082.12
2011-03-30,3057.6800000000003
2011-03-31,3063.54
2011-04-01,3060.0
2011-04-02,3045.6099999999997
2011-04-03,3035.42
2011-04-04,3028.26
2011-04-05,2698.1400000000003
2011-04-06,3011.24
2011-04-07,3035.58
2011-04-08,3033.19
2011-04-09,3041.2799999999997
2011-04-10,3035.1800000000003
2011-04-11,3045.0699999999997
2011-04-12,3046.99
2011-04-13,2639.16
2011-04-14,3030.66
2011-04-15,3040.36
2011-04-16,3034.13
2011-04-17,3027.31
2011-04-18,3010.14
2011-04-19,3002.86
2011-04-20,3000.9700000000003
2011-04-21,2996.08
2011-04-22,2990.8900000000003
2011-04-23,2985.81
2011-04-24,2986.11
2011-04-25,2979.54
2011-04-26,2969.83
2011-04-27,2972.04
2011-04-28,2955.6400000000003
2011-04-29,2951.21
2011-04-30,2945.26
2011-05-01,2942.34
2011-05-02,2939.7200000000003
2011-05-03,2929.92
2011-05-04,2941.62
2011-05-05,2934.1499999999996
2011-05-06,2927.8599999999997
2011-05-07,2926.42
2011-05-08,2928.1800000000003
2011-05-09,2915.4300000000003
2011-05-10,2911.48
2011-05-11,2631.41
2011-05-12,2836.26
2011-05-13,2857.1400000000003
2011-05-14,2859.75
2011-05-15,2862.8599999999997
2011-05-16,2864.4700000000003
2011-05-17,2861.77
2011-05-18,2849.59
2011-05-19,2232.04
2011-05-20,2762.7
2011-05-21,2886.88
2011-05-22,2866.62
2011-05-23,2857.48
2011-05-24,2867.42
2011-05-25,2871.18
2011-05-26,2855.4700000000003
2011-05-27,2850.68
2011-05-28,2848.0699999999997
2011-05-29,2839.37
2011-05-30,2836.9
2011-05-31,2831.1499999999996
2011-06-01,2838.45
2011-06-02,2236.25
2011-06-03,2645.66
2011-06-04,2720.83
2011-06-05,2740.14
2011-06-06,2751.32
2011-06-07,2749.59
2011-06-08,2738.45
2011-06-09,2748.71
2011-06-10,2750.5
2011-06-11,2751.8900000000003
2011-06-12,2767.63
2011-06-13,2775.44
2011-06-14,2766.92
2011-06-15,2760.1000000000004
2011-06-16,2671.3
2011-06-17,2701.7
2011-06-18,2761.42
2011-06-19,2760.44
2011-06-20,1583.83
2011-06-24,0.0
2011-06-28,0.0
2011-07-01,2254.84
2011-07-02,943.3900000000001
2011-07-03,664.1600000000001
2011-07-04,1118.1399999999999
2011-07-05,0.0
2011-07-07,701.5
2011-07-08,2185.35
2011-07-09,19.48
2011-07-10,2618.9
2011-07-11,2587.83
2011-07-13,0.0
2011-07-14,0.0
2011-07-15,250.7
2011-07-16,1361.84
2011-07-17,0.0
2011-07-18,0.0
2011-07-20,2998.87
2011-07-21,3544.44
2011-07-22,1099.34
2011-07-23,0.0
2011-07-24,0.0
2011-07-25,2341.2799999999997
2011-07-26,3187.09
2011-07-27,0.0
2011-07-28,811.84
2011-07-29,3604.31
2011-07-30,380.43
2011-07-31,0.0
2011-08-01,0.0
2011-08-02,0.0
2011-08-03,0.0
2011-08-04,1090.5
2011-08-05,3846.05
2011-08-06,3372.76
2011-08-07,3737.9800000000005
2011-08-08,3631.74
2011-08-09,3560.04
2011-08-10,3484.0299999999997
2011-08-11,3419.27
2011-08-12,3370.2799999999997
2011-08-13,3316.3900000000003
2011-08-14,3269.08
2011-08-15,3229.0299999999997
2011-08-16,3162.54
2011-08-17,3113.2
2011-08-18,3090.87
2011-08-19,3071.42
2011-08-20,3043.12
2011-08-21,3014.67
2011-08-22,2992.1
2011-08-23,2982.54
2011-08-24,2943.6099999999997
2011-08-25,2789.54
2011-08-26,2293.88
2011-08-27,2818.63
2011-08-28,2831.64
2011-08-29,2857.54
2011-08-30,2895.13
2011-08-31,2882.8500000000004
2011-09-01,2871.5
2011-09-02,2869.41
2011-09-03,2864.31
2011-09-04,2861.12
2011-09-05,2861.89
2011-09-06,2855.35
2011-09-07,2850.96
2011-09-08,2840.75
2011-09-09,2833.69
2011-09-10,2814.73
2011-09-11,2804.39
2011-09-12,2814.44
2011-09-13,1281.54
2011-09-14,2632.6000000000004
2011-09-15,2697.4700000000003
2011-09-16,2697.62
2011-09-17,2703.69
2011-09-18,2711.66
2011-09-19,2727.6
2011-09-20,2730.81
2011-09-21,2692.84
2011-09-22,2693.84
2011-09-23,2694.57
2011-09-24,2677.39
2011-09-25,2673.5499999999997
2011-09-26,2671.83
2011-09-27,2663.29
2011-09-28,2657.83
2011-09-29,2654.75
2011-09-30,2646.88
2011-10-01,2637.41
2011-10-02,2631.99
2011-10-03,2631.73
2011-10-04,2621.09
2011-10-05,2615.4300000000003
2011-10-06,2611.55
2011-10-07,1568.88
2011-10-08,1031.84
2011-10-09,2438.52
2011-10-10,2447.6099999999997
2011-10-11,2481.18
2011-10-12,2510.54
2011-10-13,2534.74
2011-10-14,1872.8899999999999
2011-10-15,1819.33
2011-10-19,0.0
2011-10-20,0.0
2011-10-21,0.0
2011-10-22,0.0
2011-10-23,0.0
2011-10-24,0.0
2011-10-26,0.0
2011-10-27,0.0
2011-10-28,0.0
2011-10-29,0.0
2011-10-30,0.0
2011-10-31,0.0
2011-11-01,0.0
2011-11-02,0.0
2011-11-03,0.0
2011-11-04,0.0
2011-11-05,725.21
2011-11-06,2881.3199999999997
2011-11-07,2981.21
2011-11-08,3040.69
2011-11-09,3079.9700000000003
2011-11-10,3140.63
2011-11-11,1688.75
2011-11-12,1495.3600000000001
2011-11-13,3116.01
2011-11-14,3112.54
2011-11-15,3085.49
2011-11-16,3056.33
2011-11-17,3037.5600000000004
2011-11-18,3010.92
2011-11-19,2981.34
2011-11-20,2950.24
2011-11-21,2920.5699999999997
2011-11-22,2890.95
2011-11-23,2857.51
2011-11-24,2741.0600000000004
2011-11-28,2039.2800000000002
2011-12-02,2128.53
2011-12-05,1909.5
2011-12-06,636.7
2011-12-07,2135.41
2011-12-08,1872.26
2011-12-10,566.61
2011-12-11,3002.63
2011-12-12,2994.87
2011-12-13,571.4
2011-12-15,2910.33
2011-12-16,3000.73
2011-12-17,2798.75
2011-12-18,1763.96
2011-12-19,3022.79
2011-12-20,2999.33
2011-12-21,2969.53
2011-12-22,2943.7200000000003
2011-12-23,2925.13
2011-12-24,2330.48
2011-12-26,0.0
2011-12-27,1595.4099999999999
2011-12-28,1382.3000000000002
2011-12-29,159.07
2011-12-30,2774.42
2011-12-31,2862.74
2012-01-01,2844.19
2012-01-02,2795.9300000000003
2012-01-14,184.11
2012-01-15,3114.04
2012-01-16,3159.67
2012-01-17,3089.05
2012-01-18,3132.3199999999997
2012-01-19,3169.34
2012-01-20,3133.92
2012-01-21,1738.96
2012-01-22,1981.79
2012-01-23,2965.75
2012-01-24,2947.9700000000003
2012-01-25,2140.63
2012-01-27,1427.71
2012-01-28,2808.9300000000003
2012-01-29,1342.65
2012-01-30,1180.72
2012-01-31,2369.3999999999996
2012-02-01,2490.41
2012-02-02,2388.66
2012-02-03,2356.82
2012-02-04,2303.63
2012-02-05,2254.96
2012-02-06,2273.46
2012-02-07,2297.9300000000003
2012-02-08,2299.21
2012-02-09,1736.5500000000002
2012-02-10,2045.3200000000002
2012-02-11,2226.1099999999997
2012-02-12,2259.31
2012-02-13,2255.7
2012-02-14,2248.74
2012-02-15,2239.21
2012-02-16,2239.76
2012-02-17,2222.57
2012-02-18,2203.73
2012-02-19,2182.7
2012-02-20,2178.71
2012-02-21,2168.68
2012-02-22,2170.94
2012-02-23,2168.46
2012-02-24,2164.92
2012-02-25,2164.45
2012-02-26,2160.47
2012-02-27,2156.44
2012-02-28,2154.94
2012-02-29,2147.13
2012-03-01,2135.11
2012-03-02,2139.99
2012-03-03,2128.96
2012-03-04,2134.11
2012-03-05,2131.09
2012-03-06,2126.61
2012-03-07,2129.02
2012-03-08,2120.17
2012-03-09,2115.95
2012-03-10,2115.33
2012-03-11,2102.09
2012-03-12,2103.71
2012-03-13,1817.52
2012-03-14,2076.95
2012-03-15,1835.75
2012-03-16,2044.6100000000001
2012-03-17,2065.08
2012-03-18,2070.46
2012-03-19,2080.0299999999997
2012-03-20,2090.29
2012-03-21,2096.48
2012-03-22,2101.8
2012-03-23,1837.66
2012-03-24,1207.6
2012-03-25,1177.3899999999999
2012-03-26,1246.74
2012-03-27,1628.98
2012-03-28,2148.44
2012-03-29,2142.82
2012-03-30,2137.96
2012-03-31,2136.77
2012-04-01,2134.87
2012-04-02,2138.43
2012-04-03,2142.8199999999997
2012-04-04,2136.3
2012-04-05,2132.76
2012-04-06,2124.4
2012-04-07,2116.05
2012-04-08,2099.9700000000003
2012-04-09,2095.2
2012-04-10,2082.24
2012-04-11,2072.45
2012-04-12,2061.1800000000003
2012-04-13,2050.1800000000003
2012-04-14,2041.17
2012-04-15,2027.83
2012-04-16,2023.4299999999998
2012-04-17,2015.65
2012-04-18,1990.9499999999998
2012-04-19,1987.83
2012-04-20,1984.2400000000002
2012-04-21,2012.4699999999998
2012-04-22,2013.8600000000001
2012-04-23,2001.25
2012-04-24,1997.0500000000002
2012-04-25,1995.7
2012-04-26,1989.46
2012-04-27,1976.8400000000001
2012-04-28,1602.3000000000002
2012-04-29,1737.79
2012-04-30,1813.4699999999998
2012-05-01,1844.0300000000002
2012-05-02,1851.7
2012-05-03,1867.1399999999999
2012-05-04,1878.87
2012-05-05,1883.61
2012-05-06,1888.52
2012-05-07,1895.21
2012-05-08,1912.02
2012-05-09,1911.8799999999999
2012-05-10,1905.5900000000001
2012-05-11,1902.85
2012-05-12,1894.2
2012-05-13,1894.3200000000002
2012-05-14,1893.88
2012-05-15,1888.91
2012-05-16,1884.8600000000001
2012-05-17,1888.3899999999999
2012-05-18,1888.3899999999999
2012-05-19,1891.35
2012-05-20,1887.27
2012-05-21,1888.19
2012-05-22,1334.22
2012-05-23,1751.69
2012-05-24,1798.87
2012-05-25,1811.51
2012-05-26,1828.64
2012-05-27,1846.7399999999998
2012-05-28,1862.79
2012-05-29,1870.6999999999998
2012-05-30,1859.85
2012-05-31,1860.92
2012-06-01,1859.79
2012-06-02,1856.87
2012-06-03,1847.81
2012-06-04,1845.13
2012-06-05,1838.56
2012-06-06,1847.1399999999999
2012-06-07,1847.97
2012-06-08,1841.3899999999999
2012-06-09,1840.58
2012-06-10,1848.38
2012-06-11,1822.33
2012-06-12,1838.1200000000001
2012-06-13,1567.5
2012-06-14,1769.58
2012-06-15,1792.1100000000001
2012-06-16,1806.87
2012-06-17,1813.19
2012-06-18,1810.25
2012-06-19,1813.8600000000001
2012-06-20,1009.66
2012-06-21,1586.5300000000002
2012-06-22,1663.3600000000001
2012-06-23,1696.5700000000002
2012-06-24,1709.27
2012-06-25,1716.6599999999999
2012-06-26,1716.6599999999999
2012-06-27,1726.83
2012-06-28,1734.9299999999998
2012-06-29,1742.25
2012-06-30,1742.78
2012-07-01,1756.37
2012-07-02,1752.9
2012-07-03,1751.6100000000001
2012-07-04,1750.6200000000001
2012-07-05,1751.3999999999999
2012-07-06,1750.6200000000001
2012-07-07,1755.87
2012-07-08,1752.37
2012-07-09,1744.78
2012-07-10,1739.72
2012-07-11,1739.48
2012-07-12,1744.5100000000002
2012-07-13,1751.34
2012-07-14,1748.8899999999999
2012-07-15,1748.54
2012-07-16,1749.08
2012-07-17,1750.12
2012-07-18,1748.9700000000003
2012-07-19,1751.32
2012-07-20,1747.79
2012-07-21,1747.56
2012-07-22,1745.15
2012-07-23,1748.63
2012-07-24,1749.28
2012-07-25,1744.69
2012-07-26,1743.63
2012-07-27,1737.6999999999998
2012-07-28,1732.0299999999997
2012-07-29,1738.37
2012-07-30,1742.6799999999998
2012-07-31,1751.62
2012-08-01,1746.1100000000001
2012-08-02,1742.75
2012-08-03,1740.47
2012-08-04,1729.67
2012-08-05,1721.62
2012-08-06,1733.8899999999999
2012-08-07,1738.4299999999998
2012-08-08,1738.4299999999998
2012-08-09,1730.83
2012-08-10,1740.8600000000001
2012-08-11,1748.88
2012-08-12,1740.6499999999999
2012-08-13,835.49
2012-08-15,0.0
2012-08-16,0.0
2012-08-17,0.0
2012-08-19,0.0
2012-08-20,0.0
2012-08-21,0.0
2012-08-22,0.0
2012-08-23,0.0
2012-08-24,0.0
2012-08-25,0.0
2012-08-26,0.0
2012-08-27,0.0
2012-08-28,0.0
2012-08-29,0.0
2012-08-30,0.0
2012-08-31,0.0
2012-09-01,0.0
2012-09-02,0.0
2012-09-03,0.0
2012-09-07,0.0
2012-09-11,0.0
2012-09-15,0.0
2012-09-16,0.0
2012-09-17,0.0
2012-09-19,0.0
2012-09-21,0.0
2012-09-23,0.0
2012-09-25,0.0
2012-09-26,0.0
2012-09-27,0.0
2012-09-29,610.12
2012-09-30,2058.8900000000003
2012-10-01,1995.47
2012-10-02,2150.19
2012-10-03,2204.56
2012-10-04,2287.81
2012-10-05,2334.28
2012-10-06,2326.84
2012-10-07,2305.71
2012-10-08,2296.01
2012-10-09,2264.34
2012-10-10,2247.22
2012-10-11,2283.0299999999997
2012-10-12,2287.4700000000003
2012-10-13,1211.56
2012-10-14,607.37
2012-10-19,370.06
2012-10-20,1949.3999999999999
2012-10-21,2015.7
2012-10-22,2084.11
2012-10-23,2081.54
2012-10-24,2091.44
2012-10-25,2069.76
2012-10-26,2045.21
2012-10-27,2044.87
2012-10-28,2104.12
2012-10-29,1996.8
2012-10-30,1960.81
2012-10-31,1941.19
2012-11-01,1928.0300000000002
2012-11-02,1901.81
2012-11-03,1890.29
2012-11-04,1877.21
2012-11-05,1852.52
2012-11-06,1819.09
2012-11-07,1825.7400000000002
2012-11-08,1832.6599999999999
2012-11-09,1811.3600000000001
2012-11-10,1798.4499999999998
2012-11-11,1794.5300000000002
2012-11-12,1801.0500000000002
2012-11-13,1802.6399999999999
2012-11-14,1803.29
2012-11-15,1806.0500000000002
2012-11-16,1811.62
2012-11-17,1801.33
2012-11-18,1795.1599999999999
2012-11-19,1788.94
2012-11-20,1784.8000000000002
2012-11-21,1784.9
2012-11-22,1769.81
2012-11-23,1763.98
2012-11-24,1757.66
2012-11-25,1749.48
2012-11-26,1749.75
2012-11-27,1736.25
2012-11-28,1717.47
2012-11-29,1704.3200000000002
2012-11-30,1690.35
2012-12-01,1680.29
2012-12-02,1669.33
2012-12-03,1654.4899999999998
2012-12-04,1657.8700000000001
2012-12-05,1653.83
2012-12-06,1658.65
2012-12-07,1660.43
2012-12-08,1654.53
2012-12-09,1651.53
2012-12-10,1651.81
2012-12-11,1399.28
2012-12-12,735.34
2012-12-13,556.15
2012-12-14,1405.08
2012-12-15,699.84
2012-12-16,1517.8899999999999
2012-12-17,1539.73
2012-12-18,1546.25
2012-12-19,1557.05
2012-12-20,1567.23
2012-12-21,1569.21
2012-12-22,1575.01
2012-12-23,1575.61
2012-12-24,1577.96
2012-12-25,1584.9299999999998
2012-12-26,1580.1399999999999
2012-12-27,1577.5900000000001
2012-12-28,1570.8899999999999
2012-12-29,1576.93
2012-12-30,1569.63
2012-12-31,1569.04
2013-01-01,1561.48
2013-01-02,1523.69
2013-01-03,1573.7200000000003
2013-01-04,1569.38
2013-01-05,1574.0500000000002
2013-01-06,1559.6599999999999
2013-01-07,1568.92
2013-01-08,1568.3899999999999
2013-01-09,1575.96
2013-01-10,1570.1
2013-01-11,1532.69
2013-01-12,1553.83
2013-01-13,1547.48
2013-01-14,1551.1399999999999
2013-01-15,1523.33
2013-01-16,1534.6999999999998
2013-01-17,1454.53
2013-01-18,1481.24
2013-01-19,1516.22
2013-01-20,1512.0
2013-01-21,1509.73
2013-01-22,1519.8899999999999
2013-01-23,1524.3200000000002
2013-01-24,1526.17
2013-01-25,1526.01
2013-01-26,1519.79
2013-01-27,1516.8899999999999
2013-01-28,1519.55
2013-01-29,1518.97
2013-01-30,1525.1399999999999
2013-01-31,1534.4
2013-02-01,1529.99
2013-02-02,1512.83
2013-02-03,1515.17
2013-02-04,1515.45
2013-02-05,1510.42
2013-02-06,1505.06
2013-02-07,1568.38
2013-02-08,1527.0500000000002
2013-02-09,1526.6
2013-02-10,1508.47
2013-02-11,1505.82
2013-02-12,1500.67
2013-02-13,1489.1100000000001
2013-02-14,1484.46
2013-02-15,1493.22
2013-02-16,1505.3400000000001
2013-02-17,1501.96
2013-02-18,1509.76
2013-02-19,1492.7
2013-02-20,1424.3400000000001
2013-02-21,1496.1
2013-02-22,1216.97
2013-02-23,1453.8200000000002
2013-02-24,1472.42
2013-02-25,1483.63
2013-02-26,1485.0700000000002
2013-02-27,1475.38
2013-02-28,1472.72
2013-03-01,1460.2399999999998
2013-03-02,1466.52
2013-03-03,1461.1
2013-03-04,1465.89
2013-03-05,1467.48
2013-03-06,1443.69
2013-03-07,110.72999999999999
2013-03-10,282.68
2013-03-11,758.0899999999999
2013-03-13,539.62
2013-03-14,536.71
2013-03-15,504.17
2013-03-16,446.39
2013-03-17,294.09
2013-03-18,923.35
2013-03-19,927.57
2013-03-20,89.54
2013-03-21,0.0
2013-03-22,613.22
2013-03-23,991.44
2013-03-24,953.7
2013-03-25,574.45
2013-03-26,1378.8400000000001
2013-03-27,1433.44
2013-03-28,850.28
2013-03-29,1183.83
2013-03-30,1510.99
2013-03-31,1454.28
2013-04-01,1373.55
2013-04-03,473.81
2013-04-04,982.1
2013-04-05,527.29
2013-04-09,0.0
2013-04-10,217.10000000000002
2013-04-11,1487.69
2013-04-12,1534.6799999999998
2013-04-13,1590.28
2013-04-14,1629.0900000000001
2013-04-15,1637.23
2013-04-16,1388.11
2013-04-17,1661.68
2013-04-18,1656.5900000000001
2013-04-19,1639.77
2013-04-20,1647.88
2013-04-21,1639.0300000000002
2013-04-22,1626.54
2013-04-23,1616.0500000000002
2013-04-24,1593.6599999999999
2013-04-25,1586.1100000000001
2013-04-26,1581.22
2013-04-27,1567.12
2013-04-28,1584.6599999999999
2013-04-29,1526.06
2013-04-30,1459.46
2013-05-01,1510.21
2013-05-02,1512.1100000000001
2013-05-03,1510.28
2013-05-04,1507.15
2013-05-05,1515.52
2013-05-06,1510.15
2013-05-07,1503.3000000000002
2013-05-08,1495.49
2013-05-09,1498.97
2013-05-10,1491.9099999999999
2013-05-11,1492.84
2013-05-12,1491.73
2013-05-13,1489.1599999999999
2013-05-14,934.8600000000001
2013-05-15,1242.7
2013-05-16,1386.05
2013-05-17,1097.42
2013-05-18,1392.6399999999999
2013-05-19,1416.15
2013-05-20,1432.5
2013-05-21,1435.31
2013-05-22,1446.21
2013-05-23,1422.05
2013-05-24,1418.13
2013-05-25,1399.97
2013-05-26,1402.87
2013-05-27,1400.42
2013-05-28,1402.2
2013-05-29,1361.72
2013-05-30,1426.6599999999999
2013-05-31,1428.25
2013-06-01,1430.63
2013-06-02,1433.4
2013-06-03,1437.8400000000001
2013-06-04,1407.83
2013-06-05,1372.65
2013-06-06,1377.76
2013-06-07,1397.15
2013-06-08,1380.24
2013-06-09,1283.78
2013-06-10,1207.98
2013-06-11,1319.96
2013-06-12,1333.48
2013-06-13,1355.24
2013-06-14,1363.65
2013-06-15,1362.69
2013-06-16,1377.3899999999999
2013-06-17,1403.21
2013-06-18,1405.1399999999999
2013-06-19,1407.1599999999999
2013-06-20,1402.27
2013-06-21,1260.47
2013-06-22,421.26
2013-06-23,75.58
2013-06-26,873.88
2013-06-27,566.52
2013-06-28,907.0
2013-06-29,1314.51
2013-06-30,1319.1599999999999
2013-07-01,1348.09
2013-07-02,1382.17
2013-07-03,1385.23
2013-07-04,1400.8600000000001
2013-07-05,1426.5500000000002
2013-07-06,621.72
2013-07-07,1089.34
2013-07-08,1363.81
2013-07-09,1341.3
2013-07-10,1388.13
2013-07-11,1254.6
2013-07-12,1396.1399999999999
2013-07-13,1376.5
2013-07-14,1380.88
2013-07-15,1419.37
2013-07-16,1403.02
2013-07-17,1396.79
2013-07-18,1394.8400000000001
2013-07-19,1386.4
2013-07-20,1387.78
2013-07-21,1384.01
2013-07-22,137.01
2013-07-23,745.71
2013-07-24,794.23
2013-07-25,1636.8
2013-07-26,1884.94
2013-07-27,2103.31
2013-07-28,77.99
2013-07-29,255.29000000000002
2013-07-30,2250.3
2013-07-31,574.38
2013-08-01,0.0
2013-08-02,0.0
2013-08-03,1221.77
2013-08-04,2324.59
2013-08-05,2362.89
2013-08-06,2387.94
2013-08-07,2406.12
2013-08-08,2389.7
2013-08-09,2389.1800000000003
2013-08-10,2387.85
2013-08-11,2350.7799999999997
2013-08-12,2323.9700000000003
2013-08-13,2347.6400000000003
2013-08-14,2347.2799999999997
2013-08-15,2338.64
2013-08-16,2393.75
2013-08-17,2386.24
2013-08-18,2343.57
2013-08-19,2394.7799999999997
2013-08-20,2352.35
2013-08-21,2353.7
2013-08-22,2349.3500000000004
2013-08-23,2331.06
2013-08-24,2318.3500000000004
2013-08-25,2311.64
2013-08-26,2303.02
2013-08-27,2076.29
2013-08-28,1189.37
2013-08-29,1195.65
2013-08-30,1211.52
2013-08-31,1221.16
2013-09-01,1221.9299999999998
2013-09-02,1284.3600000000001
2013-09-03,2220.3
2013-09-04,2257.12
2013-09-05,2204.59
2013-09-06,2184.8599999999997
2013-09-07,2174.05
2013-09-08,2157.87
2013-09-09,2133.01
2013-09-10,2121.8
2013-09-11,2090.31
2013-09-12,1601.22
2013-09-13,218.49
2013-09-14,395.42999999999995
2013-09-15,1962.63
2013-09-16,1823.98
2013-09-17,2164.51
2013-09-18,956.5
2013-09-20,1154.05
2013-09-21,1088.67
2013-09-22,1992.49
2013-09-23,2193.2
2013-09-24,2207.27
2013-09-25,2177.34
2013-09-26,2198.34
2013-09-27,855.55
2013-09-28,1385.6399999999999
2013-09-29,2191.52
2013-09-30,2252.3
2013-10-01,2252.67
2013-10-02,2255.43
2013-10-03,2246.38
2013-10-04,2241.63
2013-10-05,2246.4700000000003
2013-10-06,2273.37
2013-10-07,2263.62
2013-10-08,2256.69
2013-10-09,2251.33
2013-10-10,2268.88
2013-10-11,1130.23
2013-10-12,507.3
2013-10-13,2072.98
2013-10-14,2134.14
2013-10-15,2162.57
2013-10-16,2161.15
2013-10-17,2179.03
2013-10-18,2186.02
2013-10-19,2184.05
2013-10-20,2189.63
2013-10-21,2179.44
2013-10-22,2192.41
2013-10-23,2194.51
2013-10-24,2223.91
2013-10-25,2222.7999999999997
2013-10-26,2208.1
2013-10-27,2175.94
2013-10-28,392.07
2013-10-29,738.4
2013-10-30,761.75
2013-10-31,2107.7200000000003
2013-11-01,2171.14
2013-11-02,1553.11
2013-11-03,983.5
2013-11-04,1777.19
2013-11-05,1859.6
2013-11-06,1775.5500000000002
2013-11-07,1936.67
2013-11-08,2117.1
2013-11-09,2092.93
2013-11-10,2116.96
2013-11-11,2158.89
2013-11-12,2148.51
2013-11-13,2121.17
2013-11-14,2144.58
2013-11-15,2164.01
2013-11-16,2187.19
2013-11-17,2130.2799999999997
2013-11-18,2128.44
2013-11-19,2100.59
2013-11-20,2202.2
2013-11-21,2225.3599999999997
2013-11-22,2206.16
2013-11-23,2195.81
2013-11-24,2204.42
2013-11-25,2199.39
2013-11-26,2176.01
2013-11-27,2175.95
2013-11-28,2165.86
2013-11-29,2162.9
2013-11-30,2224.1000000000004
2013-12-01,2246.49
2013-12-02,2252.27
2013-12-03,2238.24
2013-12-04,2235.23
2013-12-05,2180.3199999999997
2013-12-06,1033.5700000000002
2013-12-07,1995.93
2013-12-08,2041.06
2013-12-09,1004.0600000000001
2013-12-10,972.2900000000001
2013-12-11,62.69
2013-12-12,1362.49
2013-12-13,611.38
2013-12-14,1699.2
2013-12-15,1847.67
2013-12-16,2109.27
2013-12-17,2209.41
2013-12-18,2215.69
2013-12-19,2209.94
2013-12-20,1456.3200000000002
2013-12-21,1998.73
2013-12-22,2177.27
2013-12-23,2203.7799999999997
2013-12-24,2235.17
2013-12-25,2251.2799999999997
2013-12-26,1909.3600000000001
2013-12-27,1065.57
2013-12-28,2102.83
2013-12-29,2142.12
2013-12-30,2169.43
2013-12-31,1742.1799999999998
2014-01-01,2079.75
2014-01-02,2234.1099999999997
2014-01-03,2149.01
2014-01-04,1283.05
2014-01-05,371.58
2014-01-06,1893.5100000000002
2014-01-07,2093.35
2014-01-08,2147.76
2014-01-09,2148.76
2014-01-10,2162.66
2014-01-11,2184.43
2014-01-12,2178.24
2014-01-13,2199.06
2014-01-14,2199.0
2014-01-15,2088.35
2014-01-16,2409.2599999999998
2014-01-17,2671.46
2014-01-18,2472.93
2014-01-19,2297.61
2014-01-20,2286.06
2014-01-21,2295.33
2014-01-22,2388.85
2014-01-23,2406.4
2014-01-24,2324.42
2014-01-25,1861.3799999999999
2014-01-26,2173.18
2014-01-27,2169.5299999999997
2014-01-28,2190.78
2014-01-29,718.89
2014-01-31,1832.12
2014-02-01,2344.83
2014-02-02,2491.17
2014-02-03,2520.49
2014-02-04,2515.38
2014-02-05,2497.4
2014-02-06,779.22
2014-02-08,1066.37
2014-02-09,2348.58
2014-02-10,777.4300000000001
2014-02-11,571.03
2014-02-12,1948.6100000000001
2014-02-13,2425.01
2014-02-14,2459.15
2014-02-15,2377.5699999999997
2014-02-16,2421.8
2014-02-17,2383.68
2014-02-18,1304.8200000000002
2014-02-19,2246.9
2014-02-20,2409.87
2014-02-21,2411.82
2014-02-22,2414.56
2014-02-23,2399.16
2014-02-24,2397.19
2014-02-25,2377.88
2014-02-26,2373.18
2014-02-27,2346.5
2014-02-28,2346.5
2014-03-01,2294.74
2014-03-02,2304.27
2014-03-03,2322.73
2014-03-04,2290.85
2014-03-05,2286.88
2014-03-06,2302.14
2014-03-07,2304.68
2014-03-08,2411.33
2014-03-09,2388.35
2014-03-10,2380.54
2014-03-11,2379.58
2014-03-12,2354.55
2014-03-13,2373.82
2014-03-14,2363.69
2014-03-15,2377.23
2014-03-16,2346.48
2014-03-17,2352.39
2014-03-18,2302.48
2014-03-19,2263.57
2014-03-20,2322.72
2014-03-21,2317.04
2014-03-22,1249.1299999999999
2014-03-23,1861.42
2014-03-24,466.76
2014-03-25,456.57
2014-03-26,2001.52
2014-03-27,949.48
2014-03-28,896.23
2014-03-29,792.12
2014-03-30,2176.62
2014-03-31,2272.85
2014-04-01,2279.07
2014-04-02,2282.95
2014-04-03,2290.61
2014-04-04,2274.17
2014-04-05,2281.6
2014-04-06,1681.7
2014-04-07,701.37
2014-04-08,2023.71
2014-04-09,2250.04
2014-04-10,1702.0
2014-04-11,2309.55
2014-04-12,2302.25
2014-04-13,2284.87
2014-04-14,2292.63
2014-04-15,2293.1
2014-04-16,2284.04
2014-04-17,2314.23
2014-04-18,2293.08
2014-04-19,2325.1
2014-04-20,2320.37
2014-04-21,2255.11
2014-04-22,2768.82
2014-04-23,3395.85
2014-04-24,3490.79
2014-04-25,3543.18
2014-04-26,3627.52
2014-04-27,3657.15
2014-04-28,3682.43
2014-04-29,3542.29
2014-04-30,3449.17
2014-05-01,3518.8700000000003
2014-05-02,3375.94
2014-05-03,3334.23
2014-05-04,3254.38
2014-05-05,3266.97
2014-05-06,3281.75
2014-05-07,3188.86
2014-05-08,2700.81
2014-05-09,1018.8700000000001
2014-05-10,2511.4
2014-05-11,2730.1
2014-05-12,2738.63
2014-05-13,2731.6
2014-05-14,2727.66
2014-05-15,2526.7599999999998
2014-05-16,2465.8500000000004
2014-05-17,2537.05
2014-05-18,2576.85
2014-05-19,2531.48
2014-05-20,2498.94
2014-05-21,2471.25
2014-05-22,2474.19
2014-05-23,2498.91
2014-05-24,2518.7
2014-05-25,2542.38
2014-05-26,2573.12
2014-05-27,2594.21
2014-05-28,2618.64
2014-05-29,2637.7799999999997
2014-05-30,2665.06
2014-05-31,2715.92
2014-06-01,2748.0
2014-06-02,2269.2599999999998
2014-06-03,2670.48
2014-06-04,2669.21
2014-06-05,2760.95
2014-06-06,2776.7400000000002
2014-06-07,2806.17
2014-06-08,2802.54
2014-06-09,2617.87
2014-06-10,2748.5
2014-06-11,2831.33
2014-06-12,2891.17
2014-06-13,2872.25
2014-06-14,2805.6800000000003
2014-06-15,2813.92
2014-06-16,2804.44
2014-06-17,2793.17
2014-06-18,2787.66
2014-06-19,2757.76
2014-06-20,2752.0499999999997
2014-06-21,2742.37
2014-06-22,2719.33
2014-06-23,2678.75
2014-06-24,2682.51
2014-06-25,2666.4399999999996
2014-06-26,1462.05
2014-06-27,2058.78
2014-06-28,2515.51
2014-06-29,2519.1600000000003
2014-06-30,2514.09
2014-07-01,2525.39
2014-07-02,2525.95
2014-07-03,2528.86
2014-07-04,2522.33
2014-07-05,2517.13
2014-07-06,2507.1400000000003
2014-07-07,2492.91
2014-07-08,2492.91
2014-07-09,2485.98
2014-07-10,2475.92
2014-07-11,2475.5
2014-07-12,2472.72
2014-07-13,2450.6099999999997
2014-07-14,2431.08
2014-07-15,2460.09
2014-07-16,2437.24
2014-07-17,2425.45
2014-07-18,2408.0499999999997
2014-07-19,2404.64
2014-07-20,2082.1899999999996
2014-07-21,2274.85
2014-07-22,2376.03
2014-07-23,2355.12
2014-07-24,2379.16
2014-07-25,2379.21
2014-07-26,2354.77
2014-07-27,2372.35
2014-07-28,2359.19
2014-07-29,2369.5
2014-07-30,2274.29
2014-07-31,2364.69
2014-08-01,2383.64
2014-08-02,2386.17
2014-08-03,2374.49
2014-08-04,2446.36
2014-08-05,2466.31
2014-08-06,2441.75
2014-08-07,2400.25
2014-08-08,2390.0200000000004
2014-08-09,2357.52
2014-08-10,2353.39
2014-08-11,2261.35
2014-08-12,2212.01
2014-08-13,2209.93
2014-08-14,2235.53
2014-08-15,2242.15
2014-08-16,2231.93
2014-08-17,2234.52
2014-08-18,2222.89
2014-08-19,116.78
2014-08-20,0.0
2014-08-21,0.0
2014-08-22,0.0
2014-08-23,0.0
2014-08-24,0.0
2014-08-25,1005.08
2014-08-26,1103.23
2014-08-27,1064.63
2014-08-28,1069.9499999999998
2014-08-29,1084.75
2014-08-30,1039.88
2014-08-31,1041.07
2014-09-01,1048.07
2014-09-02,1270.41
2014-09-03,1948.9399999999998
2014-09-04,2324.8399999999997
2014-09-05,2405.17
2014-09-06,2380.7
2014-09-07,2361.84
2014-09-08,2349.18
2014-09-09,2341.88
2014-09-10,2310.58
2014-09-11,2260.92
2014-09-12,2322.2000000000003
2014-09-13,2318.37
2014-09-14,2277.13
2014-09-15,2275.29
2014-09-16,2251.62
2014-09-17,2240.76
2014-09-18,2237.98
2014-09-19,2218.45
2014-09-20,2263.12
2014-09-21,2270.82
2014-09-22,2254.2400000000002
2014-09-23,2253.31
2014-09-24,2234.87
2014-09-25,2223.0800000000004
2014-09-26,2220.71
2014-09-27,2195.3999999999996
2014-09-28,2174.83
2014-09-29,65.52
2014-09-30,1089.19
2014-10-01,1864.0500000000002
2014-10-02,2107.7200000000003
2014-10-03,2017.67
2014-10-04,2115.68
2014-10-05,2133.3
2014-10-06,2112.91
2014-10-07,2138.12
2014-10-08,2107.18
2014-10-09,2124.54
2014-10-10,2114.92
2014-10-11,2116.6
2014-10-12,2104.1499999999996
2014-10-13,2092.2400000000002
2014-10-14,2093.52
2014-10-15,2097.73
2014-10-16,2094.21
2014-10-17,2091.75
2014-10-18,2084.84
2014-10-19,2080.17
2014-10-20,2064.7
2014-10-21,2094.55
2014-10-22,2076.53
2014-10-23,2067.76
2014-10-24,2045.3500000000001
2014-10-25,2010.7
2014-10-26,2137.3799999999997
2014-10-27,2082.34
2014-10-28,2077.6699999999996
2014-10-29,1995.5800000000002
2014-10-30,2085.17
2014-10-31,2085.5499999999997
2014-11-01,2064.19
2014-11-02,2058.4300000000003
2014-11-03,2048.6800000000003
2014-11-04,2041.1999999999998
2014-11-05,2018.4299999999998
2014-11-06,2026.26
2014-11-07,2065.09
2014-11-08,2055.0899999999997
2014-11-09,2044.4
2014-11-10,1987.1999999999998
2014-11-11,2056.1
2014-11-12,2059.52
2014-11-13,2026.24
2014-11-14,2019.24
2014-11-15,2038.2
2014-11-16,2017.23
2014-11-17,1995.03
2014-11-18,2035.7099999999998
2014-11-19,1982.57
2014-11-20,2006.0
2014-11-21,1992.17
2014-11-22,1990.31
2014-11-23,1918.42
2014-11-24,1577.99
2014-11-25,1351.97
2014-11-26,605.8
2014-11-27,637.02
2014-11-28,977.28
2014-11-29,754.1
2014-11-30,469.74
2014-12-01,448.71000000000004
2014-12-02,460.07
2014-12-03,456.04999999999995
2014-12-04,662.11
2014-12-05,905.35
2014-12-06,605.76
2014-12-07,532.66
2014-12-08,497.84000000000003
2014-12-09,511.2
2014-12-10,604.73
2014-12-11,474.03
2014-12-12,564.74
2014-12-13,469.43
2014-12-14,628.5699999999999
2014-12-15,579.26
2014-12-16,610.3399999999999
2014-12-17,629.74
2014-12-18,637.1400000000001
2014-12-19,641.69
2014-12-20,646.8299999999999
2014-12-21,603.8299999999999
2014-12-22,578.51
2014-12-23,588.51
2014-12-24,589.76
2014-12-25,603.12
2014-12-26,618.0
2014-12-27,598.5
2014-12-28,600.28
2014-12-29,623.21
2014-12-30,669.81
2014-12-31,693.54
2015-01-01,1197.9099999999999
2015-01-02,2768.85
2015-01-03,3173.88
2015-01-04,3004.54
2015-01-05,3003.87
2015-01-06,3034.79
2015-01-07,2923.73
2015-01-08,3019.82
2015-01-09,2084.79
2015-01-10,2582.51
2015-01-11,3242.43
2015-01-12,3080.16
2015-01-13,3114.77
2015-01-14,2821.87
2015-01-15,2869.0
2015-01-16,2899.5
2015-01-17,2702.42
2015-01-18,2852.03
2015-01-19,2794.0
2015-01-20,2307.38
2015-01-21,2432.94
2015-01-22,2437.32
2015-01-23,2427.24
2015-01-24,2439.41
2015-01-25,2404.7799999999997
2015-01-26,2359.4
2015-01-27,2200.55
2015-01-28,2363.14
2015-01-29,2356.16
2015-01-30,2257.27
2015-01-31,2089.91
2015-02-01,2140.91
2015-02-02,2207.59
2015-02-03,2021.65
2015-02-04,1393.0
2015-02-05,860.49
2015-02-06,2192.04
2015-02-07,1997.6100000000001
2015-02-08,1461.79
2015-02-09,1713.53
2015-02-10,2477.43
2015-02-11,2530.34
2015-02-12,2546.39
2015-02-13,2547.85
2015-02-14,2540.36
2015-02-15,2541.84
2015-02-16,2546.58
2015-02-17,2522.28
2015-02-18,2693.57
2015-02-19,2868.6800000000003
2015-02-20,2804.46
2015-02-21,2750.69
2015-02-22,2695.39
2015-02-23,2621.6499999999996
2015-02-24,2784.91
2015-02-25,3117.65
2015-02-26,2938.8
2015-02-27,2595.87
2015-02-28,2159.15
2015-03-01,2202.05
2015-03-02,2192.7400000000002
2015-03-03,2204.25
2015-03-04,2211.04
2015-03-05,2225.39
2015-03-06,2323.54
2015-03-07,2321.7400000000002
2015-03-08,2310.59
2015-03-09,2323.86
2015-03-10,2331.81
2015-03-11,2340.76
2015-03-12,2336.63
2015-03-13,2325.2999999999997
2015-03-14,2363.14
2015-03-15,2741.74
2015-03-16,3121.41
2015-03-17,3160.9900000000002
2015-03-18,3251.96
2015-03-19,3346.3599999999997
2015-03-20,3418.9399999999996
2015-03-21,3463.54
2015-03-22,1908.4099999999999
2015-03-23,906.37
2015-03-24,907.56
2015-03-25,1575.25
2015-03-26,3742.15
2015-03-27,3736.5600000000004
2015-03-28,3694.96
2015-03-29,3441.9
2015-03-30,3652.59
2015-03-31,3655.82
2015-04-01,2939.44
2015-04-02,2917.72
2015-04-03,2913.08
2015-04-04,2901.37
2015-04-05,2889.11
2015-04-06,2886.91
2015-04-07,2860.1
2015-04-08,2835.9
2015-04-09,2831.81
2015-04-10,2804.16
2015-04-11,2815.58
2015-04-12,2797.0099999999998
2015-04-13,2775.14
2015-04-14,2785.68
2015-04-15,2843.52
2015-04-16,2849.25
2015-04-17,2875.98
2015-04-18,2885.48
2015-04-19,2910.56
2015-04-20,2990.62
2015-04-21,3107.81
2015-04-22,3203.83
2015-04-23,3247.97
2015-04-24,3230.3999999999996
2015-04-25,3236.05
2015-04-26,3232.19
2015-04-27,3313.01
2015-04-28,3350.7400000000002
2015-04-29,3475.74
2015-04-30,3517.46
2015-05-01,3568.27
2015-05-02,3504.58
2015-05-03,3063.76
2015-05-04,2809.91
2015-05-05,2759.3
2015-05-06,2772.5
2015-05-07,2767.8900000000003
2015-05-08,2730.49
2015-05-09,2745.81
2015-05-10,2740.31
2015-05-11,2736.87
2015-05-12,2731.21
2015-05-13,2726.7
2015-05-14,2719.02
2015-05-15,2721.5299999999997
2015-05-16,2714.14
2015-05-17,2690.91
2015-05-18,2681.89
2015-05-19,2689.94
2015-05-20,2679.06
2015-05-21,2638.79
2015-05-22,2749.8399999999997
2015-05-23,2975.6600000000003
2015-05-24,3186.3599999999997
2015-05-25,2999.2400000000002
2015-05-26,2928.54
2015-05-27,2814.7400000000002
2015-05-28,2576.2
2015-05-29,2558.7400000000002
2015-05-30,2540.96
2015-05-31,2540.98
2015-06-01,2588.06
2015-06-02,2622.18
2015-06-03,2599.09
2015-06-04,2600.34
2015-06-05,2626.23
2015-06-06,2611.03
2015-06-07,2015.33
2015-06-08,2619.71
2015-06-09,2635.96
2015-06-10,2655.67
2015-06-11,2726.42
2015-06-12,2859.83
2015-06-13,2870.25
2015-06-14,2813.19
2015-06-15,2826.02
2015-06-16,2804.86
2015-06-17,2759.07
2015-06-18,2767.84
2015-06-19,2747.21
2015-06-20,2789.99
2015-06-21,2768.8700000000003
2015-06-22,2822.06
2015-06-23,2944.2599999999998
2015-06-24,3049.28
2015-06-25,3038.21
2015-06-26,3078.13
2015-06-27,3090.54
2015-06-28,2966.31
2015-06-29,3228.66
2015-06-30,3323.03
2015-07-01,2671.2400000000002
2015-07-02,2663.72
2015-07-03,2649.74
2015-07-04,2611.5
2015-07-05,2593.75
2015-07-06,2566.77
2015-07-07,2557.98
2015-07-08,2527.09
2015-07-09,2510.75
2015-07-10,2485.15
2015-07-11,2442.38
2015-07-12,2432.08
2015-07-13,2389.92
2015-07-14,2368.92
2015-07-15,2336.87
2015-07-16,2307.49
2015-07-17,2296.9700000000003
2015-07-18,2214.1
2015-07-19,2131.42
2015-07-20,2116.03
2015-07-21,2132.18
2015-07-22,2260.81
2015-07-23,2317.7599999999998
2015-07-24,2394.12
2015-07-25,2328.4
2015-07-26,2331.76
2015-07-27,2311.97
2015-07-28,2272.74
2015-07-29,2217.24
2015-07-30,2262.09
2015-07-31,2292.31
2015-08-01,2365.33
2015-08-02,2331.86
2015-08-03,2376.54
2015-08-04,2443.6
2015-08-05,2738.75
2015-08-06,2556.88
2015-08-07,2000.29
2015-08-08,1913.67
2015-08-09,1932.4099999999999
2015-08-10,1920.3
2015-08-11,1889.76
2015-08-12,1905.21
2015-08-13,1894.29
2015-08-14,1896.24
2015-08-15,1952.8899999999999
2015-08-16,2205.13
2015-08-17,2152.33
2015-08-18,2165.6800000000003
2015-08-19,2172.6800000000003
2015-08-20,2190.07
2015-08-21,2187.13
2015-08-22,2182.96
2015-08-23,2154.55
2015-08-24,2149.09
2015-08-25,2145.2000000000003
2015-08-26,1281.9299999999998
2015-08-27,0.0
2015-08-28,0.0
2015-08-29,0.0
2015-08-30,0.0
2015-08-31,1191.65
2015-09-01,2093.43
2015-09-02,2098.43
2015-09-03,1964.8899999999999
2015-09-04,1937.68
2015-09-05,2275.62
2015-09-06,2265.39
2015-09-07,2267.63
2015-09-08,2261.66
2015-09-09,2262.5899999999997
2015-09-10,2241.34
2015-09-11,2199.68
2015-09-12,2287.35
2015-09-13,2286.0299999999997
2015-09-14,2252.2400000000002
2015-09-15,2323.4
2015-09-16,2346.4700000000003
2015-09-17,2404.35
2015-09-18,2579.85
2015-09-19,2418.1099999999997
2015-09-20,1936.12
2015-09-21,1934.31
2015-09-22,1467.2
2015-09-23,1943.85
2015-09-24,1913.0900000000001
2015-09-25,1869.8000000000002
2015-09-26,1874.5500000000002
2015-09-27,1850.7
2015-09-28,1843.8
2015-09-29,1838.1499999999999
2015-09-30,1859.42
2015-10-01,1888.77
2015-10-02,1928.71
2015-10-03,1966.4299999999998
2015-10-04,1958.08
2015-10-05,1946.06
2015-10-06,1935.9
2015-10-07,1942.06
2015-10-08,1915.5700000000002
2015-10-09,1994.49
2015-10-10,1990.47
2015-10-11,1996.22
2015-10-12,1973.0500000000002
2015-10-13,1723.8
2015-10-14,1989.3600000000001
2015-10-15,2032.04
2015-10-16,2139.73
2015-10-17,2113.94
2015-10-18,2116.05
2015-10-19,2130.14
2015-10-20,2128.73
2015-10-21,2102.85
2015-10-22,2111.5099999999998
2015-10-23,2089.52
2015-10-24,2101.31
2015-10-25,2237.96
2015-10-26,1094.57
2015-10-27,1108.53
2015-10-28,1149.0
2015-10-29,1557.73
2015-10-30,1533.8
2015-10-31,784.52
2015-11-01,791.96
2015-11-02,741.28
2015-11-03,1621.86
2015-11-04,2266.96
2015-11-05,2305.17
2015-11-06,2077.43
2015-11-07,2025.01
2015-11-08,2099.7
2015-11-09,2059.62
2015-11-10,2040.56
2015-11-11,2148.35
2015-11-12,2114.0299999999997
2015-11-13,2099.15
2015-11-14,2144.06
2015-11-15,2155.14
2015-11-16,2153.98
2015-11-17,2140.98
2015-11-18,2048.18
2015-11-19,1997.8300000000002
2015-11-20,2128.1600000000003
2015-11-21,2205.41
2015-11-22,2174.96
2015-11-23,2165.82
2015-11-24,2146.64
2015-11-25,2134.44
2015-11-26,2103.21
2015-11-27,2111.25
2015-11-28,2103.1200000000003
2015-11-29,2090.93
2015-11-30,2074.14
2015-12-01,2045.16
2015-12-02,2069.0
2015-12-03,2077.23
2015-12-04,2066.8199999999997
2015-12-05,2105.26
2015-12-06,2102.4900000000002
2015-12-07,2123.82
2015-12-08,2161.87
2015-12-09,1535.15
2015-12-10,2030.0900000000001
2015-12-11,2015.04
2015-12-12,2021.98
2015-12-13,2012.23
2015-12-14,1995.31
2015-12-15,1983.9199999999998
2015-12-16,1957.17
2015-12-17,1950.1699999999998
2015-12-18,1920.69
2015-12-19,1906.21
2015-12-20,1878.13
2015-12-21,1868.6200000000001
2015-12-22,1848.2299999999998
2015-12-23,1844.5100000000002
2015-12-24,1827.85
2015-12-25,1821.47
2015-12-26,1805.3999999999999
2015-12-27,1764.92
2015-12-28,1782.35
2015-12-29,1770.07
2015-12-30,1769.3200000000002
2015-12-31,1755.9399999999998
2016-01-01,1749.6499999999999
2016-01-02,1712.79
2016-01-03,1222.89
2016-01-04,1315.7199999999998
2016-01-05,1576.01
2016-01-06,1616.04
2016-01-07,1694.16
2016-01-08,1734.99
2016-01-09,1751.37
2016-01-10,1738.0100000000002
2016-01-11,1736.61
2016-01-12,1730.5400000000002
2016-01-13,1635.74
2016-01-14,1847.29
2016-01-15,1787.77
2016-01-16,1778.34
2016-01-17,1759.96
2016-01-18,1748.58
2016-01-19,1762.54
2016-01-20,1503.5
2016-01-21,1718.1799999999998
2016-01-22,1621.37
2016-01-23,1672.48
2016-01-24,1692.46
2016-01-25,1692.1200000000001
2016-01-26,1511.6100000000001
2016-01-27,1719.9299999999998
2016-01-28,1641.04
2016-01-29,1648.8400000000001
2016-01-30,1640.15
2016-01-31,1616.23
2016-02-01,1600.49
2016-02-02,1601.24
2016-02-03,1573.92
2016-02-04,1347.25
2016-02-05,1584.5
2016-02-06,1650.18
2016-02-07,1601.12
2016-02-08,1618.5
2016-02-09,1672.01
2016-02-10,1741.29
2016-02-11,1764.96
2016-02-12,1777.66
2016-02-13,1719.77
2016-02-14,1694.53
2016-02-15,1688.58
2016-02-16,1670.36
2016-02-17,1665.3600000000001
2016-02-18,1635.03
2016-02-19,1654.33
2016-02-20,1710.48
2016-02-21,1631.3
2016-02-22,1664.6
2016-02-23,1662.89
2016-02-24,1681.47
2016-02-25,1721.29
2016-02-26,1528.2
2016-02-27,1494.01
2016-02-28,1512.21
2016-02-29,1500.29
2016-03-01,1524.27
2016-03-02,1502.36
2016-03-03,1486.52
2016-03-04,1475.36
2016-03-05,1454.8
2016-03-06,1452.48
2016-03-07,1437.38
2016-03-08,1421.04
2016-03-09,1402.6100000000001
2016-03-10,1401.98
2016-03-11,1384.05
2016-03-12,1331.69
2016-03-13,1331.42
2016-03-14,1369.6299999999999
2016-03-15,1358.06
2016-03-16,1263.17
2016-03-17,1354.54
2016-03-18,1323.4
2016-03-19,1337.0
2016-03-20,1363.4499999999998
2016-03-21,1376.68
2016-03-22,1417.27
2016-03-23,1463.04
2016-03-24,1397.53
2016-03-25,1334.11
2016-03-26,1330.3999999999999
2016-03-27,1266.06
2016-03-28,1311.8600000000001
2016-03-29,1323.08
2016-03-30,1316.59
2016-03-31,1290.6100000000001
2016-04-01,1285.24
2016-04-02,1255.68
2016-04-03,1257.42
2016-04-04,1260.3500000000001
2016-04-05,1292.22
2016-04-06,1009.4799999999999
2016-04-07,1223.63
2016-04-08,1119.8799999999999
2016-04-09,1091.88
2016-04-10,1085.8400000000001
2016-04-11,1061.35
2016-04-12,1074.22
2016-04-13,1072.29
2016-04-14,1083.62
2016-04-15,1053.19
2016-04-16,549.53
2016-04-17,545.85
2016-04-18,627.71
2016-04-19,854.24
2016-04-20,690.61
2016-04-21,522.86
2016-04-22,467.21
2016-04-23,581.77
2016-04-24,956.26
2016-04-25,981.15
2016-04-26,997.23
2016-04-27,983.1400000000001
2016-04-28,993.8
2016-04-29,966.25
2016-04-30,965.53
2016-05-01,889.4
2016-05-02,832.3
2016-05-03,841.61
2016-05-04,942.27
2016-05-05,987.53
2016-05-06,1020.3399999999999
2016-05-07,1015.95
2016-05-08,1012.7900000000001
2016-05-09,999.7099999999999
2016-05-10,987.89
2016-05-11,984.62
2016-05-12,976.44
2016-05-13,969.5
2016-05-14,960.9399999999999
2016-05-15,837.8900000000001
2016-05-16,969.1800000000001
2016-05-17,952.55
2016-05-18,947.35
2016-05-19,938.54
2016-05-20,937.21
2016-05-21,923.9300000000001
2016-05-22,928.1600000000001
2016-05-23,932.0799999999999
2016-05-24,938.54
2016-05-25,942.47
2016-05-26,942.6800000000001
2016-05-27,933.71
2016-05-28,936.9300000000001
2016-05-29,927.94
2016-05-30,924.94
2016-05-31,970.46
2016-06-01,970.15
2016-06-02,962.5
2016-06-03,871.23
2016-06-04,777.41
2016-06-05,781.65
2016-06-06,782.83
2016-06-07,785.45
2016-06-08,701.25
2016-06-09,784.85
2016-06-10,870.81
2016-06-11,876.95
2016-06-12,822.67
2016-06-13,872.92
2016-06-14,872.96
2016-06-15,912.21
2016-06-16,919.52
2016-06-17,939.69
2016-06-18,941.0
2016-06-19,941.9200000000001
2016-06-20,943.96
2016-06-21,941.0899999999999
2016-06-22,938.99
2016-06-23,903.24
2016-06-24,927.15
2016-06-25,919.94
2016-06-26,922.39
2016-06-27,909.45
2016-06-28,916.59
2016-06-29,917.55
2016-06-30,909.54
2016-07-01,922.36
2016-07-02,910.66
2016-07-03,918.32
2016-07-04,902.63
2016-07-05,913.49
2016-07-06,847.23
2016-07-07,769.07
2016-07-08,766.25
2016-07-09,722.53
2016-07-10,774.74
2016-07-11,743.12
2016-07-12,777.9300000000001
2016-07-13,645.54
2016-07-14,535.83
2016-07-15,502.77000000000004
2016-07-16,686.19
2016-07-17,455.38
2016-07-18,572.2
2016-07-19,614.5
2016-07-20,621.35
2016-07-21,609.6700000000001
2016-07-22,580.06
2016-07-23,581.3
2016-07-24,598.52
2016-07-25,592.28
2016-07-26,583.56
2016-07-27,572.46
2016-07-28,580.22
2016-07-29,587.21
2016-07-30,598.3
2016-07-31,588.46
2016-08-01,604.67
2016-08-02,587.25
2016-08-03,565.2
2016-08-04,541.87
2016-08-05,555.64
2016-08-06,541.58
2016-08-07,547.35
2016-08-08,545.9300000000001
2016-08-09,508.93
2016-08-10,538.46
2016-08-11,548.95
2016-08-12,543.98
2016-08-13,440.09
2016-08-14,455.37
2016-08-15,468.16
2016-08-16,480.21
2016-08-17,475.69
2016-08-18,485.66
2016-08-19,490.46
2016-08-20,473.86
2016-08-21,492.55
2016-08-22,494.34
2016-08-23,504.33
2016-08-24,502.48
2016-08-25,503.26
2016-08-26,510.85
2016-08-27,539.67
2016-08-28,529.67
2016-08-29,500.07
2016-08-30,507.33
2016-08-31,541.9
2016-09-01,525.86
2016-09-02,498.15
2016-09-03,518.27
2016-09-04,523.42
2016-09-05,514.41
2016-09-06,518.66
2016-09-07,523.9
2016-09-08,526.56
2016-09-09,528.35
2016-09-10,530.82
2016-09-11,533.14
2016-09-12,536.77
2016-09-13,543.81
2016-09-14,541.88
2016-09-15,534.87
2016-09-16,530.27
2016-09-17,180.04
