DATEPRD,AVG_DOWNHOLE_PRESSURE,AVG_DOWNHOLE_TEMPERATURE,AVG_DP_TUBING,AVG_ANNULUS_PRESS,AVG_CHOKE_SIZE_P,AVG_WHP_P,AVG_WHT_P,DP_CHOKE_SIZE,BORE_OIL_VOL,BORE_GAS_VOL,BORE_WAT_VOL
2014-04-07,0.0,0.0,0.0,0.0,0.0,0.0,0.0,0.0,0.0,0.0,0.0
2014-04-08,0.0,0.0,0.0,0.0,1.0030591666666666,0.0,0.0,0.0,0.0,0.0,0.0
2014-04-09,0.0,0.0,0.0,0.0,0.9790077083333333,0.0,0.0,0.0,0.0,0.0,0.0
2014-04-10,0.0,0.0,0.0,0.0,0.5457591666666667,0.0,0.0,0.0,0.0,0.0,0.0
2014-04-11,310.37614,96.87589,277.27826,0.0,1.215986875,33.09788,10.47992,33.07195,0.0,0.0,0.0
2014-04-12,303.50078,96.92339,281.44744,0.0,3.0870154166666666,22.05334,8.70429,22.05334,0.0,0.0,0.0
2014-04-13,303.53481,96.95885,276.032,0.0,1.9623652083333334,27.50281,9.42315,16.16326,0.0,0.0,0.0
2014-04-14,303.78228,96.96873,282.78676,0.0,0.0,20.99552,8.13137,20.73712,0.0,0.0,0.0
2014-04-15,303.85821,97.02136,289.94067,0.0,31.141855625,13.91754,8.49833,12.18153,0.0,0.0,0.0
2014-04-16,303.79187,97.06569,299.67193,0.0,0.0,4.11994,8.82124,1.4902,0.0,0.0,0.0
2014-04-17,304.33518,96.91946,282.901,0.0,41.23599395833333,21.43418,8.85429,18.79484,0.0,0.0,0.0
2014-04-18,304.84859,96.72034,273.70073,0.0,0.0,31.14786,9.63954,28.50258,0.0,0.0,0.0
2014-04-19,305.37149,96.61563,259.61993,0.0,0.43686166666666665,45.75156,9.63919,43.1571,0.0,0.0,0.0
2014-04-20,313.87058,96.55953,282.81436,0.0,0.4542847916666667,31.05622,9.61976,28.48402,0.0,0.0,0.0
2014-04-21,301.3756413043478,102.67637913043478,204.79518347826087,0.0,20.989748333333335,96.58045782608696,19.196819130434783,69.7755695652174,0.0,0.0,0.0
2014-04-22,289.42136166666666,106.35320895833334,182.059311875,0.0,43.34345125,107.36204979166666,37.93925125,78.93540895833333,631.47,90439.09,0.0
2014-04-23,270.23979291666666,107.64377895833333,171.05278208333334,0.0,47.167523125,99.18701083333333,60.756579375,70.627109375,1166.46,165720.39,0.0
2014-04-24,262.8427475,107.86923416666667,168.24197729166667,0.0,47.73231020833333,94.60077020833333,63.046799791666665,66.049150625,1549.81,221707.31,0.0
2014-04-25,255.52699520833335,107.97113708333333,165.538903125,0.0,48.53376875,89.98809208333333,64.54722916666667,61.40538625,1248.7,178063.52,0.0
2014-04-26,247.19905208333333,108.05203020833333,162.42224166666668,0.0,49.844502291666664,84.77681041666666,65.72369375,56.14790645833333,1345.78,192602.19,0.0
2014-04-27,240.736416875,108.05380395833333,159.89901979166666,0.0,50.296981875,80.83739708333333,66.93373229166667,52.20174708333333,1349.56,194496.27,0.0
2014-04-28,235.02093145833334,108.04163645833333,157.68322,0.0,50.735878541666665,77.33771145833333,67.84834791666667,48.707583541666665,1345.61,192899.71,0.0
2014-04-29,232.74371041666666,107.987806875,156.794893125,0.0,50.11391979166667,75.94881729166667,65.70691916666667,47.375714583333334,1279.46,184900.31,0.0
2014-04-30,233.29777791666666,107.89323895833333,157.179385,0.0,48.92679020833334,76.11839291666666,62.795643958333336,47.61060354166667,1225.62,177107.86,0.0
2014-05-01,231.0888975,107.87692229166667,156.39897770833332,0.0,48.93862895833333,74.68991979166667,62.376834375,46.195843333333336,1212.9,174608.88,0.0
2014-05-02,231.41900520833335,107.81687916666667,156.69023791666666,0.0,48.303704583333335,74.72876729166667,60.747315625,46.15029979166667,1074.04,154870.67,0.0
2014-05-03,230.76554520833332,107.79546708333334,156.60596666666666,0.0,48.17349875,74.15957854166666,60.627934375,45.73272291666667,1044.17,147929.93,0.0
2014-05-04,230.595831875,107.76431541666666,156.687604375,0.0,47.466087916666666,73.9082275,58.279021666666665,45.491345,970.2,139378.45,0.0
2014-05-05,229.423676875,107.77973166666666,156.42926291666666,0.0,47.84001958333333,72.99441395833334,54.9047225,44.54851,946.12,136980.49,0.0
2014-05-06,225.9024775,107.86022020833333,154.95086020833332,0.0,49.00558229166667,70.95161729166666,58.882811458333336,42.44995395833333,1002.83,144950.15,0.0
2014-05-07,225.76834875,107.83816541666667,155.05853583333334,0.0,47.920399583333335,70.70981291666666,57.42564229166667,42.048938541666665,925.31,135000.24,0.0
2014-05-08,225.68692270833333,107.821048125,155.14190229166667,0.0,47.296947708333335,70.54502041666667,57.655958125,41.15918895833333,913.86,127564.51,0.0
2014-05-09,227.79783849312602,107.5994551584939,156.85221704868093,0.0,29.13358708333333,70.94562144444508,55.95530239297234,41.74523020964568,176.8,24322.7,0.0
2014-05-10,226.06091479166668,107.68369,155.16497145833333,0.0,48.13438479166667,70.89594333333334,57.37377854166667,41.90457979166667,944.19,52162.58,0.0
2014-05-11,225.09668541666667,107.836451875,155.16161875,0.0,47.49388729166667,69.93506666666667,58.024333541666664,41.48348958333333,823.41,117731.72,0.0
2014-05-12,226.02269270833332,107.77166645833333,155.79650583333333,0.0,46.93359,70.226186875,56.88541625,41.80654479166667,769.01,111238.01,0.0
2014-05-13,226.90499510638298,107.71747319148936,156.57676718971632,0.0,46.335198958333336,70.32822791666666,54.25530875,41.925575,740.8,107144.4,0.0
2014-05-14,225.57624978723405,107.74143479166666,156.2037677039007,0.0,45.162089583333334,69.37248208333334,54.99535708333333,40.98107625,713.24,102880.55,0.0
2014-05-15,225.89259895833334,107.70935872340425,156.82564125,0.0,46.31644395833333,69.06695770833333,48.59812458333333,40.65059895833333,743.83,106745.44,0.0
2014-05-16,225.70079787234042,107.71023416666667,157.10794391400708,0.0,46.34614208333333,68.59285395833334,48.37775479166667,40.13814,736.09,104864.02,0.0
2014-05-17,223.60251041666666,107.77769229166667,156.346404375,0.0,47.08721125,67.25610604166667,53.92077354166667,38.839852083333334,782.88,110078.32,0.0
2014-05-18,220.10196229166667,107.88902957446808,154.69510125,0.0,47.769806875,65.40686104166667,53.83151333333333,36.990086875,834.68,117387.58,0.0
2014-05-19,220.49043893617022,107.86042291666666,155.1761033111702,0.0,47.13594875,65.314335625,55.75360791666667,36.90605083333333,788.8,109517.37,0.0
2014-05-20,220.153866875,107.85864833333333,155.23751041666668,0.0,47.14246875,64.91635645833334,55.628124375,36.50938479166667,783.06,109362.2,0.0
2014-05-21,220.06589395833333,107.851481875,155.37458229166666,0.0,46.524590833333335,64.69131166666666,52.236396666666664,36.280858125,743.77,104993.12,0.0
2014-05-22,219.982621875,107.8523675,155.54675833333334,0.0,46.2889975,64.43586354166666,53.66113229166667,36.01890375,735.41,107115.77,0.0
2014-05-23,219.86292604166667,107.86721854166667,155.572074375,0.0,46.284226875,64.29085166666667,49.05298020833333,35.873076875,742.89,108079.03,93.31
2014-05-24,219.922990625,107.88298,155.75273854166667,0.0,46.24215791666666,64.17025208333334,54.6906875,35.750709791666665,746.54,108387.02,100.42
2014-05-25,219.9771025,107.90278770833334,155.90444416666668,0.0,46.261677291666665,64.07265833333334,55.231164375,35.671312916666665,750.57,105809.71,101.01
2014-05-26,219.97377531914893,107.92071145833333,156.04339469414893,0.0,46.26510666666667,63.930380625,55.102527916666666,35.528916875,727.26,106514.13,86.62
2014-05-27,219.98047520833333,107.93646229166667,156.24326083333332,0.0,46.226333333333336,63.737214375,55.311219375,35.33483833333333,715.5,105800.29,91.08
2014-05-28,219.26666729166666,107.44471020833333,155.71557541666667,0.0,46.215003125,63.551091875,55.508233125,35.155495208333335,695.01,102249.56,76.96
2014-05-29,220.00718041666667,107.96204104166667,156.54946291666667,0.0,46.21505770833333,63.4577175,56.170836875,35.05228625,698.77,102823.5,77.13
2014-05-30,220.00026020833334,107.97361333333333,156.66496541666666,0.0,46.231572291666666,63.33529479166667,55.851693125,34.923878333333334,704.08,103977.99,77.96
2014-05-31,219.99351354166666,107.985045625,156.78348708333334,0.0,46.2074025,63.21002645833333,55.59603083333333,34.79286458333333,715.93,105761.32,78.99
2014-06-01,220.00573708333334,107.99384645833334,156.8641125,0.0,46.264785,63.14162458333333,55.963499375,34.72635520833333,724.21,107035.76,80.08
2014-06-02,221.3284255119818,107.82458002092727,157.53832177425,0.0,41.71340020833333,63.79010373773182,50.77397000734091,35.35194577638182,459.83,68263.31,46.21
2014-06-03,220.24048708333333,107.964823125,157.86784375,0.0,46.19318770833333,62.372643333333336,53.04666854166667,33.94682958333333,715.1,104865.93,80.7
2014-06-04,221.267634375,107.96092625,159.45106520833335,0.0,46.157305208333334,61.81656916666667,53.73631604166667,33.38708375,706.8,104234.1,79.73
2014-06-05,221.044650195642,107.97263406134603,158.75822307562981,0.0,47.04156520833333,62.286427120012185,54.244612314888435,33.84168292885635,677.29,99517.49,90.57
2014-06-06,220.74979458333334,107.986805625,157.67422541666667,0.0,47.202699375,63.07556916666667,56.53423395833333,34.64576291666667,690.38,99850.49,92.18
2014-06-07,220.64014083333333,107.99410875,157.27830479166667,0.0,47.19410729166667,63.36183604166666,56.61542145833333,34.93372958333333,694.3,100306.26,92.07
2014-06-08,220.50405041666667,108.0027125,157.18459354166666,0.0,47.152024375,63.319456875,52.051159375,34.891520625,690.7,99959.04,91.25
2014-06-09,221.45051448717948,107.75725956410257,159.1132395,0.0,38.978911458333336,62.337274987179484,53.55922412820513,34.670299666666665,238.45,34915.85,28.15
2014-06-10,220.85169229166667,107.99075354166666,158.07450145833334,0.0,46.512532291666666,62.777190833333336,54.486153333333334,34.351681875,647.11,95262.3,84.88
2014-06-11,218.41471229166666,108.06527416666667,156.68516375,0.0,47.815207916666665,61.72954854166667,54.295347291666666,33.31382708333334,745.92,108793.22,94.23
2014-06-12,215.49685895833332,108.13936083333333,155.55921520833334,0.0,48.72777375,59.93764375,61.561027083333336,31.529283333333332,804.85,116554.82,101.88
2014-06-13,214.823228125,108.13519916666667,154.68515791666667,0.0,48.263916875,60.13807020833333,62.32717875,31.739437916666667,818.89,120308.03,56.75
2014-06-14,215.83254083333333,108.104783125,155.59778541666665,0.0,48.00591375,60.234755416666665,59.584406875,31.83577875,781.21,115374.09,54.32
2014-06-15,214.877320625,108.11380416666667,154.95770833333333,0.0,48.04032458333333,59.91961229166667,60.77416125,31.544266458333333,786.16,116058.03,54.55
2014-06-16,215.38082170212766,108.08764729166667,155.33310524379434,0.0,47.74037104166667,60.04771645833333,59.444948125,31.67064,757.43,111152.61,51.84
2014-06-17,216.11873333333332,108.067196875,155.97842479166667,0.0,47.62397166666667,60.14030854166667,58.607166666666664,31.763173958333333,726.5,107050.89,50.67
2014-06-18,215.98383375,108.06562833333334,156.19699666666668,0.0,47.639864583333335,59.78683708333333,58.66236833333333,31.399544375,723.96,106456.63,51.3
2014-06-19,215.818061875,108.06648270833334,156.37844083333334,0.0,47.60717375,59.43962104166667,57.54992875,31.0531575,715.28,105827.77,52.96
2014-06-20,215.57881625,108.07265958333333,156.48818166666666,0.0,47.585172916666664,59.09063458333333,58.445866875,30.703629375,710.62,104860.95,50.87
2014-06-21,215.30386958333332,108.07888145833333,156.59927333333334,0.0,47.61119583333333,58.70459625,58.70271770833333,30.313028125,708.04,104155.82,50.48
2014-06-22,214.949325,108.08456916666667,156.71347770833333,0.0,47.619820833333335,58.235847291666666,58.418325833333334,29.846284166666667,702.73,102417.8,51.7
2014-06-23,214.85795,108.08680083333333,157.393641875,0.0,47.659732291666664,57.464308125,57.882807291666666,28.779579375,695.74,102284.59,51.69
2014-06-24,214.89729020833335,108.07987125,157.98934020833335,0.0,47.6279225,56.90795,57.349905416666665,28.519126875,658.27,96651.98,94.65
2014-06-25,214.82190723404256,108.08357765957447,157.94656285904256,0.0,46.567545,56.875344375,58.00721583333333,28.4768975,576.35,85082.22,79.35
2014-06-26,219.55899298132522,107.44735424631241,158.58117644543043,0.0,44.0,60.97781653589478,49.15179838775445,35.122920913290635,369.83,55419.55,51.46
2014-06-27,217.25173717366394,107.63490568517282,162.7894177693843,0.0,44.37510354166667,54.46231940427964,50.51060779353536,26.031601158835127,418.45,63214.18,59.2
2014-06-28,215.09275833333334,108.07768,160.76595083333333,0.0,47.05341229166667,54.3268075,55.68809958333333,25.902731458333335,588.96,88192.51,91.66
2014-06-29,215.258875,108.09929489361703,160.19683020833332,0.0,46.83165625,55.062044791666665,55.970378125,26.645965416666666,571.88,85616.39,81.73
2014-06-30,215.35081520833333,108.107908125,160.21150020833332,0.0,45.827834583333335,55.139315,56.00588,26.72682125,512.52,76979.08,71.37
2014-07-01,215.38468833333334,108.11446104166667,160.41724583333334,0.0,46.78695666666667,54.9674425,56.254037708333335,26.55513,563.26,84307.54,78.69
2014-07-02,215.40707854166666,108.11909520833333,160.598766875,0.0,46.799730833333335,54.80831166666667,51.65249875,26.38999625,564.26,84364.91,78.72
2014-07-03,215.33240229166665,108.12402520833334,160.78178666666668,0.0,46.80368645833333,54.550615625,50.82098125,26.13235,565.09,84351.11,78.88
2014-07-04,215.21147125,108.129059375,161.10066208333333,0.0,46.84702458333334,54.11080916666667,51.418441875,25.676259166666668,563.73,84183.26,79.55
2014-07-05,215.11890875,108.13237,161.48407,0.0,46.85599229166667,53.63483875,54.23162875,25.20113875,563.46,83869.61,79.95
2014-07-06,215.0673625,108.13437916666666,161.97297583333332,0.0,46.8647225,53.094386666666665,56.63623354166667,24.65926375,563.38,83853.8,80.3
2014-07-07,215.07005708333332,108.13567,162.40674958333332,0.0,46.824565625,52.6633075,54.966429375,24.2335,522.0,77846.76,154.47
2014-07-08,215.047056875,108.13860020833333,163.02299916666666,0.0,46.803720416666664,52.02405770833333,57.485014791666664,23.586095833333335,523.33,77885.2,247.1
2014-07-09,215.13584104166668,108.14017083333333,163.88908729166667,0.0,46.80707625,51.24675375,56.122917916666665,22.798340208333332,521.97,77858.58,247.09
2014-07-10,215.165233125,108.14286208333333,164.23292125,0.0,46.79164125,50.932311875,57.48888791666667,22.479929791666667,490.49,73240.81,212.89
2014-07-11,215.18770520833334,108.14442125,164.69582291666666,0.0,46.78772979166666,50.49188229166667,56.119412708333336,22.037508541666668,491.71,72894.63,253.18
2014-07-12,215.46357625,108.14204229166667,165.92741708333332,0.0,46.859409791666664,49.536159166666664,56.63337875,21.080241666666666,488.44,72637.03,203.87
2014-07-13,215.75903729166666,108.134254375,166.74310729166666,0.0,46.800471875,49.01593,57.20372041666667,20.539875208333335,481.59,71515.34,199.79
2014-07-14,215.97684375,108.12051979166667,167.41170708333334,0.0,47.002657291666665,48.56513666666667,56.77503229166667,20.10156125,492.02,73095.92,215.32
2014-07-15,215.05076083333333,108.14456916666667,166.18858895833333,0.0,47.88535770833333,48.862171875,56.39544583333333,20.379876875,476.08,70443.1,246.8
2014-07-16,214.82744666666667,108.14955,166.34190645833334,0.0,47.76055458333333,48.48554020833333,56.41817270833333,20.016264791666668,466.34,69327.14,243.78
2014-07-17,214.76105791666666,108.15141541666667,166.58482583333333,0.0,47.713503958333334,48.17623208333333,55.02667833333334,19.70736875,463.64,68816.51,241.88
2014-07-18,214.92327895833333,108.147955625,167.47418229166666,0.0,47.695167291666664,47.44909666666667,58.93711104166667,19.009266458333332,459.37,68361.17,240.96
2014-07-19,215.03451333333334,108.14724333333334,167.63869291666666,0.0,47.686235,47.395820416666666,58.306706875,18.922445833333335,458.09,68466.24,240.67
2014-07-20,216.04491832856903,108.02094227063711,168.82707762488258,0.0,43.933952291666664,47.217840703686456,55.548099895086956,18.539169488871224,290.87,44919.06,139.31
2014-07-21,215.11191583333334,108.142285,170.29972791666665,0.0,47.97656,44.812187916666666,56.696215625,16.28781875,487.33,72965.95,255.69
2014-07-22,215.06211645833332,108.17622895833334,168.71596854166665,0.0,47.700909583333335,46.346147916666666,58.75582166666667,17.86825,468.63,69274.03,242.24
2014-07-23,215.20504229166667,108.18169791666666,169.04784541666666,0.0,47.718328541666665,46.157196875,58.98481395833333,17.68069,465.25,69890.63,239.87
2014-07-24,215.37842395833334,108.18226645833333,169.28101479166668,0.0,47.633364791666665,46.097409166666665,59.719150625,17.614390208333333,466.58,69742.96,232.45
2014-07-25,215.5264675,108.18259291666666,169.77094645833333,0.0,47.65598479166667,45.75552104166667,59.46733520833333,17.268634791666667,464.22,69237.42,233.39
2014-07-26,215.61353270833334,108.183284375,170.11225,0.0,47.609579583333336,45.501282708333335,60.03879375,17.04690666666667,458.9,68830.6,251.5
2014-07-27,215.84410458333332,108.182708125,170.95729833333334,0.0,47.59103270833333,44.88680625,58.891433125,16.437135625,460.83,68637.71,260.12
2014-07-28,216.08671333333334,108.18264020833334,171.44501375,0.0,47.60245354166667,44.641699583333335,59.25229625,16.195364583333333,457.95,68330.74,245.26
2014-07-29,215.96572375,108.191258125,171.36745208333335,0.0,48.1316,44.59827166666667,56.663951875,16.150985208333335,481.51,71884.8,258.75
2014-07-30,214.62624645833333,108.23273916666666,169.63605541666666,0.0,48.716769166666666,44.99019104166667,57.164944375,16.521602291666667,489.43,72278.48,243.17
2014-07-31,215.092216875,108.21981333333333,171.84478916666666,0.0,48.717893125,43.24742770833333,58.959274791666665,14.724694583333333,375.93,56054.71,218.34
2014-08-01,215.02680083333334,108.22088375,171.35553333333334,0.0,48.721320625,43.6712675,59.04387666666667,15.149589375,378.38,56399.27,218.27
2014-08-02,215.15461583333334,108.2167,172.01562916666666,0.0,48.704525,43.13898666666667,58.062896875,14.60492125,379.41,56289.52,217.93
2014-08-03,215.1299525,108.21664916666667,171.87886208333333,0.0,48.69856083333333,43.25109041666666,57.608462083333336,14.743590625,377.42,56568.78,212.92
2014-08-04,212.89510270833333,108.26196583333333,168.85866416666667,0.0,49.53813770833333,44.03643854166667,56.58262104166667,15.51763875,417.98,61912.18,228.26
2014-08-05,210.16669395833333,108.32515333333333,166.75778916666667,0.0,49.63278125,43.408904791666664,63.582511875,14.91257,507.75,75078.33,262.22
2014-08-06,209.822861875,108.32050770833334,167.205560625,0.0,49.59429395833333,42.61730125,62.68489354166667,14.107544791666667,469.73,69712.66,252.81
2014-08-07,210.09380645833335,108.30718638297873,169.04300229166665,0.0,50.194875,41.050804166666666,60.702031875,12.535359375,521.26,77390.65,293.66
2014-08-08,210.18405208333334,108.29701354166667,169.81861333333333,0.0,50.21089125,40.36543875,62.56045770833333,11.8383425,518.32,76994.95,297.2
2014-08-09,210.54521979166665,108.283063125,170.39707145833333,0.0,49.946295416666665,40.14814833333333,58.139879791666665,11.605805625,493.37,73656.88,289.96
2014-08-10,210.63094708333333,108.28098729166666,170.85841791666667,0.0,50.239226875,39.772529166666665,56.230880416666665,11.218987291666666,509.21,76002.49,303.18
2014-08-11,213.44830479166666,108.17050020833334,176.09832521719858,0.0,49.43711270833333,37.34997957446809,50.72395541666667,8.751239157801418,351.8,52975.29,240.5
2014-08-12,215.50558666666666,108.13843708333333,178.41154770833333,0.0,48.82824395833333,37.094038958333336,44.267469375,8.481566666666666,287.03,44830.19,240.33
2014-08-13,215.89499104166666,108.15935625,178.0034325,0.0,48.57821125,37.89155854166667,50.890079166666666,9.290505625,278.58,44300.38,235.04
2014-08-14,215.85510708333334,108.188661875,177.02265666666668,0.0,48.498236041666665,38.83245041666667,56.830907708333335,10.254388958333333,297.19,47071.12,248.98
2014-08-15,215.776775,108.20372145833333,176.23341625,0.0,48.471804375,39.54335875,57.329050625,10.978174166666667,297.33,46462.15,247.88
2014-08-16,216.00179125,108.20238416666666,176.63536125,0.0,48.479274583333336,39.36643,52.84613395833333,10.795766458333333,296.2,44219.4,246.54
2014-08-17,216.01608520833332,108.21058979166666,176.17745625,0.0,48.47285604166667,39.83862895833333,53.757828125,11.25882875,296.12,44243.43,247.16
2014-08-18,216.08165916666667,108.21504041666667,176.08040354166667,0.0,48.446861041666665,40.001255625,57.06408604166667,11.42737125,293.35,44083.13,246.91
2014-08-19,217.06524887895046,108.21478894066514,176.476010964746,0.0,15.61403125,40.58923791420447,56.848805223161165,12.716694342214065,0.0,0.0,0.0
2014-08-20,242.94359,103.64724,242.37788,0.0,0.515046875,0.56571,15.36335,0.56571,0.0,0.0,0.0
2014-08-21,234.10675,104.12859,233.52061,0.0,0.53602,0.58614,19.29555,0.58614,0.0,0.0,0.0
2014-08-22,234.10675,104.12859,233.52061,0.0,0.53602,0.58614,19.29555,0.58614,0.0,0.0,0.0
2014-08-23,234.10675,104.12859,233.52061,0.0,0.53602,0.58614,19.29555,0.58614,0.0,0.0,0.0
2014-08-24,234.10675,104.12859,233.52061,0.0,0.53602,0.58614,19.29555,0.58614,0.0,0.0,0.0
2014-08-25,266.28557,101.80612,205.78625,0.0,0.5051947916666667,60.49932,21.19212,60.49932,0.0,0.0,0.0
2014-08-26,268.53292,101.25323,188.69029,0.0,0.5274535416666667,79.84263,18.68199,79.84263,0.0,0.0,0.0
2014-08-27,271.09579,101.20575,190.03086,0.0,0.518573125,81.06493,18.27296,81.06493,0.0,0.0,0.0
2014-08-28,266.15103,98.06051,184.23715,0.0,0.50971375,81.91388,17.43213,81.91388,0.0,0.0,0.0
2014-08-29,276.53772,101.18295,195.21362,0.0,0.492385,81.3241,15.92726,81.3241,0.0,0.0,0.0
2014-08-30,279.00427,101.12777,196.73516,0.0,0.47928208333333333,82.26911,15.53186,82.26911,0.0,0.0,0.0
2014-08-31,281.00846,101.03225,207.11979,0.0,0.49207395833333334,73.88867,16.72554,73.88867,0.0,0.0,0.0
2014-09-01,282.91641,100.94886,232.01793,0.0,0.5062270833333333,50.89848,15.53375,50.89435,0.0,0.0,0.0
2014-09-02,284.44077056890325,100.7370077507613,243.63587828343225,0.0,3.7343420833333334,40.80489228547097,20.767562621625807,35.6513643552,0.0,0.0,0.0
2014-09-03,248.0242617393423,106.95313219081353,205.83439781770647,0.0,40.66990729166667,42.18986392163584,46.48999862665763,13.35192774208561,103.77,16925.68,74.34
2014-09-04,237.28709895833333,107.36995416666667,208.79973104166666,0.0,61.08915979166667,28.487367916666667,53.783462291666666,2.371129375,290.3,46375.59,537.45
2014-09-05,223.51004,108.490055625,184.58971541666668,0.0,53.051124791666666,38.92032458333333,66.291793125,10.308105625,427.63,69487.31,343.53
2014-09-06,225.25121020833333,108.44315875,181.58750125,0.0,49.88744208333333,43.66370895833333,64.88764104166667,15.083549583333333,422.69,68818.15,341.93
2014-09-07,225.93842604166667,108.42755041666666,181.001674375,0.0,49.63412854166667,44.936751666666666,60.685872708333335,16.367745833333334,412.14,67226.27,336.66
2014-09-08,224.92908854166666,108.43450255319149,179.58043145833332,0.0,49.466828125,45.348657083333336,62.909975625,16.791042291666667,410.96,66847.2,336.99
2014-09-09,224.67618208333334,108.40755958333334,179.13673666666668,0.0,49.47163729166667,45.539445416666666,61.99288875,16.99311625,409.11,66355.28,333.87
2014-09-10,224.65433291666668,108.38794145833333,179.21602604166668,0.0,48.697325,45.438306875,62.49474020833333,16.897661666666668,389.68,63293.2,315.24
2014-09-11,225.9611525,108.33889041666667,180.898486875,0.0,48.65349166666667,45.062665625,57.542660625,16.515696458333334,380.29,60994.93,327.07
2014-09-12,225.60941645833333,108.32885604166667,180.72737833333332,0.0,48.61656083333333,44.882038125,56.71266479166667,16.341968125,391.22,57081.97,324.73
2014-09-13,225.299678125,108.31952291666667,180.79779770833332,0.0,48.64684104166667,44.501880416666665,58.730591875,15.958547916666667,391.65,57123.13,328.6
2014-09-14,225.14861,108.31536645833333,181.19154541666666,0.0,48.62197604166667,43.957064583333334,60.817141041666666,15.41355625,384.47,56615.33,322.53
2014-09-15,224.942829375,108.30823083333334,181.29603854166666,0.0,48.62278125,43.646790833333334,59.244742083333335,15.093220416666666,342.35,50991.05,291.45
2014-09-16,224.80511,108.30123958333333,181.51328708333332,0.0,48.6273175,43.29182291666667,58.169179375,14.624452708333333,338.88,50946.9,291.36
2014-09-17,224.62491770833333,108.29750041666667,181.71415229166666,0.0,48.64232,42.91076541666666,58.46444770833333,14.3231175,344.5,51928.13,297.38
2014-09-18,224.54902,108.29035375,181.97209479166668,0.0,48.644703125,42.576925208333336,58.85833708333333,14.005613541666667,333.55,49757.91,304.7
2014-09-19,224.5589059574468,108.28249893617021,182.30164212765956,0.0,48.6,42.257263829787234,59.272996382978725,13.685098510638298,329.6,49601.74,302.29
2014-09-20,221.86346729166667,108.33120979166667,179.487441875,0.0,49.14886479166667,42.376025416666664,60.52504666666667,13.811587083333333,358.2,53618.2,320.36
2014-09-21,219.55453791666667,108.39116659574468,177.66901375,0.0,49.4,41.88552416666667,61.65104125,13.336862890070922,377.72,56786.58,332.75
2014-09-22,219.88835659574468,108.36190489361702,178.45247276595745,0.0,49.3,41.43588382978724,61.076911276595744,12.880312765957447,356.65,53587.32,331.96
2014-09-23,219.71536958333334,108.35361645833333,178.64348,0.0,49.18709416666667,41.07188958333333,58.68430625,12.504548333333334,354.31,53315.98,327.97
2014-09-24,219.83302125,108.345740625,179.376233125,0.0,49.163099375,40.456788125,58.96465583333333,11.879364791666667,338.53,51384.99,318.34
2014-09-25,220.00881416666667,108.33505416666667,179.9979225,0.0,49.129502708333334,40.010891666666666,55.704954375,11.420707291666666,324.9,49352.26,323.5
2014-09-26,219.96705833333334,108.330586875,180.19379645833334,0.0,49.138491875,39.773261875,54.60610020833333,11.186131041666666,324.95,49388.31,321.98
2014-09-27,219.89681291666668,108.32743083333334,180.22877729166666,0.0,49.132468125,39.668035625,53.283423125,11.087791041666666,322.07,49245.8,322.83
2014-09-28,220.042380738119,108.32097461963556,180.6680863520222,0.0,49.013996041666665,39.37429438609681,53.80521403297813,10.846289529904073,308.31,47050.78,307.78
2014-09-29,243.07384,105.06477,238.81649,0.0,6.592465833333334,4.25735,28.16593,0.27589,0.0,0.0,0.0
2014-09-30,241.91947399104407,105.52636695766691,199.35725487584887,0.0,14.407040208333333,42.5622191151952,27.725067979161615,22.39990707065067,0.0,0.0,0.0
2014-10-01,226.03247879835865,107.48051644230499,217.9567857683223,0.0,53.67234583333333,8.075693030036353,52.412518176682546,2.636929043276557,55.2,8962.05,142.03
2014-10-02,211.872953125,108.50217791666667,180.97877958333333,0.0,58.427841666666666,30.894173541666667,58.72326041666667,4.5078120833333335,199.07,31730.64,308.22
2014-10-03,221.13489208333334,108.40385125,186.135895625,0.0,51.874701458333334,34.99899645833333,51.46098083333333,5.624685625,275.22,43000.78,454.65
2014-10-04,219.880265,108.43157354166667,183.16858958333333,0.0,50.89765583333333,36.711675416666665,57.5794,8.099011041666667,287.64,44101.37,459.8
2014-10-05,219.47436208333335,108.43779833333333,181.85077541666666,0.0,50.54632395833333,37.62358666666667,57.280016458333336,8.980132083333332,323.18,49500.61,352.61
2014-10-06,220.90165854166668,108.3987625,183.04130895833333,0.0,50.20831770833333,37.86034958333333,57.764673125,9.253898541666667,315.32,48232.88,344.36
2014-10-07,220.65349854166666,108.40241333333333,182.43708,0.0,50.43001520833333,38.21641854166667,55.11826375,9.604592916666666,322.31,48180.54,335.27
2014-10-08,220.66882520833335,108.39618458333334,182.38521104166668,0.0,50.49317979166667,38.283614166666666,53.30245854166667,9.666686875,320.34,49975.21,345.3
2014-10-09,220.46748604166666,108.395850625,182.13855916666665,0.0,50.453150625,38.328926875,53.200375,9.703415833333333,325.92,50479.21,343.83
2014-10-10,220.17773166666666,108.39368659574468,181.79826916666667,0.0,50.409700208333334,38.3794625,53.766379791666665,9.76957,329.2,50894.03,327.28
2014-10-11,220.15625645833333,108.38842458333333,181.93129104166667,0.0,50.3959,38.22496541666667,52.71461229166667,9.624984375,325.01,50157.65,326.37
2014-10-12,220.145434375,108.38225041666666,182.06691145833332,0.0,50.377678958333334,38.078522916666664,56.232058333333335,9.478541041666666,323.37,49865.05,325.88
2014-10-13,220.325186875,108.37343895833334,182.512313125,0.0,50.36086604166667,37.81287375,60.76198041666667,9.214866458333333,320.68,49604.0,335.92
2014-10-14,220.43913479166667,108.36658125,182.78974541666668,0.0,50.363024375,37.649389375,60.44961020833333,9.04979875,320.41,49571.91,337.83
2014-10-15,220.219323125,108.36782541666666,182.55331541666666,0.0,50.467119375,37.66600770833333,60.61770416666667,9.063642708333333,322.67,49750.14,335.65
2014-10-16,220.01191833333334,108.37099416666666,182.427516875,0.0,50.563285416666666,37.58440145833333,59.252352083333335,8.978537708333333,322.4,49652.61,331.77
2014-10-17,220.21267729166667,108.36285395833333,182.85216916666667,0.0,50.558733958333335,37.360508125,59.51860270833333,8.755220833333333,321.25,49635.23,330.51
2014-10-18,220.225365625,108.36012604166666,182.90962354166666,0.0,50.47798458333333,37.31574208333333,54.29432395833334,8.70129375,321.22,49749.37,328.68
2014-10-19,220.22303854166665,108.35791916666666,183.09045375,0.0,50.519794583333336,37.132584791666666,50.16953375,8.507578125,323.37,50070.67,328.82
2014-10-20,220.72144604166667,108.34705958333333,184.3632725,0.0,50.863903125,36.358173541666666,56.08667270833333,7.728787916666667,326.54,50700.18,334.76
2014-10-21,220.41199520833334,108.35143020833333,183.59189541666666,0.0,50.91154375,36.820099791666664,55.688217083333335,8.182811666666666,316.21,48561.88,329.9
2014-10-22,220.62353770833334,108.34481708333334,183.94441916666668,0.0,50.849293333333335,36.67911854166667,55.688135625,8.0593325,314.23,48495.35,335.34
2014-10-23,220.617973125,108.34410875,183.88779833333334,0.0,50.818976875,36.73017479166667,49.98769,8.109852916666666,313.92,48623.42,329.6
2014-10-24,220.74459979166667,108.34080729166666,184.09443,0.0,50.7731125,36.65016979166667,50.370228125,8.026845416666667,314.24,48608.64,332.0
2014-10-25,220.862453125,108.33805958333333,184.27335041666666,0.0,50.78375583333333,36.589102708333336,48.383965833333335,7.958775416666667,317.47,49209.26,333.76
2014-10-26,220.9579696,108.3358496,184.403695,0.0,50.8003956,36.5542746,47.2878134,7.917633,333.14,51384.55,336.05
2014-10-27,219.96368895833334,108.36025895833333,182.96693979166668,0.0,50.77880020833334,36.99674916666667,53.30348125,8.444459791666667,318.2,49190.87,332.65
2014-10-28,219.961045625,108.364104375,183.295253125,0.0,50.498065,36.6657925,53.39363645833333,8.208829583333333,315.14,48598.96,325.35
2014-10-29,220.717868125,108.34513145833333,184.64122666666665,0.0,50.498615,36.076641458333334,59.315310833333335,7.609122916666666,304.36,46729.01,320.2
2014-10-30,221.11960354166666,108.33341708333333,185.2518825,0.0,51.03952375,35.86772104166667,57.79628208333333,7.245215833333333,318.25,48777.45,330.73
2014-10-31,219.49491854166666,108.3718944680851,182.653271875,0.0,51.309790625,36.84164666666667,58.456375,8.233908958333334,322.58,50070.47,329.75
2014-11-01,219.78469291666667,108.36247833333333,183.32944708333332,0.0,50.91824458333333,36.455245833333336,51.983535208333336,7.83321,316.54,49047.96,323.66
2014-11-02,220.06557541666666,108.35317723404255,183.840129375,0.0,50.90593520833333,36.225446041666665,50.97238791666667,7.587975833333333,321.29,49771.51,329.74
2014-11-03,220.343435,108.34458291666667,184.31538604166667,0.0,50.93084979166667,36.028048958333336,54.662125625,7.379769166666667,295.17,45685.5,328.45
2014-11-04,220.48659291666667,108.340543125,184.59446666666668,0.0,50.89229104166667,35.89212625,58.737827708333334,7.242466041666667,290.68,45093.92,304.68
2014-11-05,221.7877875,108.30330729166667,186.69130833333332,0.0,51.13204354166667,35.09647916666667,58.07886,6.445585833333333,288.26,44831.92,306.52
2014-11-06,221.68578833333333,108.29361458333334,186.54387833333334,0.0,51.639753125,35.14191,54.915096875,6.485084583333333,292.13,45409.59,310.29
2014-11-07,220.0106675,108.35828145833334,183.52762020833333,0.0,50.84322375,36.483047291666665,56.35628729166667,7.915645416666667,293.13,45241.11,303.39
2014-11-08,219.9932525,108.35708395833333,183.717356875,0.0,50.808165,36.275895625,53.551376041666664,7.820728125,292.29,45656.62,321.66
2014-11-09,220.47929020833334,108.34253395833333,184.66963645833334,0.0,50.800791875,35.80965375,53.34118770833334,7.389779375,289.93,45638.78,325.6
2014-11-10,222.46633104166668,108.28908319148937,188.07677604166668,0.0,51.7,34.389555,54.08902208333333,5.83816,283.28,46087.72,324.04
2014-11-11,219.97932229166668,108.35195895833333,183.48821666666666,0.0,51.69625333333333,36.491105625,60.33769125,8.044379166666667,294.55,46628.59,331.5
2014-11-12,219.18383979166666,108.37858541666667,182.73963291666666,0.0,51.636312708333335,36.444206875,59.226929166666665,7.996720625,295.28,46218.27,317.91
2014-11-13,220.275471875,108.34954270833333,184.88316833333334,0.0,51.605346041666664,35.392303541666664,58.757314375,6.95453125,290.93,45666.25,311.88
2014-11-14,220.87930020833332,108.32765375,185.65017270833334,0.0,51.584399166666664,35.2291275,58.249173125,6.792428125,290.46,45494.2,311.76
2014-11-15,220.069,108.35316208333333,184.40892208333332,0.0,51.596816458333336,35.660077916666665,57.9962925,7.220033333333333,293.48,45840.45,310.73
2014-11-16,221.1359375,108.32002145833333,186.351299375,0.0,52.04162958333333,34.784638125,56.50145729166667,6.347044375,292.77,45756.05,319.06
2014-11-17,222.14570520833334,108.27984895833333,188.301939375,0.0,52.620324583333336,33.843765833333336,56.003974791666664,5.412362708333333,293.11,45039.02,330.08
2014-11-18,220.41177291666668,108.35060354166667,184.32936125,0.0,50.949218125,36.082411666666665,59.360974166666665,7.655098541666667,289.07,44152.35,313.15
2014-11-19,221.50414625,108.30921208333334,186.181090625,0.0,50.93181270833333,35.323055625,58.972145625,6.8958575,281.74,43106.73,305.81
2014-11-20,219.99979645833332,108.34300291666666,183.561393125,0.0,50.943275416666665,36.43840333333333,60.767264583333336,8.0168975,285.32,43755.31,302.5
2014-11-21,220.1007775,108.33177041666667,184.11307104166667,0.0,50.92782416666667,35.987706458333335,59.958914166666666,7.5717372916666665,283.6,43675.5,300.66
2014-11-22,219.91921979166668,108.32732291666666,183.984733125,0.0,50.927135,35.934486666666665,57.6117225,7.506506666666667,283.17,43476.89,300.48
2014-11-23,221.05652125,108.18509833333333,186.40782,0.0,50.846758333333334,34.64870125,56.576238125,6.221974375,272.89,42663.27,299.46
2014-11-24,229.9495380934897,107.67914914356894,201.56941900941362,0.0,26.529501875,28.38011908407607,45.76953872458954,9.30026495897306,0.0,0.0,0.0
2014-11-25,244.4056,104.07616,195.30019,0.0,0.0,49.10541,13.75798,48.35573,0.0,0.0,0.0
2014-11-26,246.39298,102.49117,177.73636,0.0,0.26037229166666664,68.65662,11.02694,68.10739,0.0,0.0,0.0
2014-11-27,252.37275,102.34972,245.19474,0.0,7.32565,7.17801,9.21849,6.76253,0.0,0.0,0.0
2014-11-28,264.57796,102.34758,218.70038,0.0,0.04933958333333333,45.87758,9.07647,45.82845,0.0,0.0,0.0
2014-11-29,268.78855,102.09309,187.63428,0.0,0.04685583333333333,81.15427,7.86157,81.10491,0.0,0.0,0.0
2014-11-30,247.3583,105.82893,208.73611,0.0,35.116491458333336,38.62219,34.16762,32.53673,1.26,250.79,1.23
2014-12-01,255.41031,105.64768,248.86561,0.0,56.644213541666666,6.5447,20.87301,2.25817,120.29,25857.08,183.44
2014-12-02,261.05343,102.62984,223.60817,0.0,0.27907666666666664,37.44526,8.78558,34.71096,0.0,0.0,0.0
2014-12-03,262.68397,101.82868,212.27262,0.0,0.2586745833333333,50.41135,9.58905,47.76012,0.0,0.0,0.0
2014-12-04,264.24931,102.94562,200.71869,0.0,9.26999875,63.53062,17.12435,56.03472,0.0,0.0,0.0
2014-12-05,257.4456285714286,107.88944892857143,183.66062,0.0,27.032211666666665,73.78500857142858,58.496159642857144,44.43215142857143,0.0,0.0,0.0
2014-12-06,269.99783,103.16359,262.23176,0.0,0.021953958333333332,7.76607,11.2091,1.95452,0.0,0.0,0.0
2014-12-07,275.95198,102.40575,275.8797,0.0,0.022311666666666667,0.07228,8.84925,5.50561,0.0,0.0,0.0
2014-12-08,278.6874,102.05045,278.52808,0.0,0.024503958333333332,0.15932,8.04737,9.78995,0.0,0.0,0.0
2014-12-09,281.00754,101.82381,280.74573,0.0,0.0121975,0.26181,7.78793,17.71742,0.0,0.0,0.0
2014-12-10,283.09741,101.65616,282.63594,0.0,0.006666666666666667,0.46147,7.02112,17.38287,0.0,0.0,0.0
2014-12-11,285.06087,101.52117,284.54235,0.0,0.016725833333333332,0.51852,5.4522,17.15075,0.0,0.0,0.0
2014-12-12,286.89573,101.40887,286.32545,0.0,0.019673958333333335,0.57028,5.85834,17.03562,0.0,0.0,0.0
2014-12-13,288.623,101.31045,288.01195,0.0,0.030097083333333333,0.61105,6.8437,16.89289,0.0,0.0,0.0
2014-12-14,290.25366,101.22314,289.52888,0.0,0.021553333333333334,0.72478,8.21169,16.89194,0.0,0.0,0.0
2014-12-15,291.84803,101.1453,291.16771,0.0,0.04302,0.68032,6.96494,16.94209,0.0,0.0,0.0
2014-12-16,293.31192,101.07253,292.64831,0.0,0.0,0.66361,6.83485,17.05052,0.0,0.0,0.0
2014-12-17,294.70885,101.00761,294.02102,0.0,0.0,0.68783,7.83892,17.28764,0.0,0.0,0.0
2014-12-18,296.06681,100.94652,295.3482,0.0,0.0,0.71861,8.89696,17.19554,0.0,0.0,0.0
2014-12-19,297.33761,100.88974,296.60112,0.0,0.0,0.73649,6.98974,16.95622,0.0,0.0,0.0
2014-12-20,298.52232,100.8361,297.80339,0.0,0.0,0.71893,7.23648,16.89561,0.0,0.0,0.0
2014-12-21,299.66776,100.78662,298.91974,0.0,0.003783958333333333,0.74802,8.50038,17.01268,0.0,0.0,0.0
2014-12-22,300.78909,100.73955,300.04764,0.0,0.0006647916666666667,0.74145,9.14486,17.08451,0.0,0.0,0.0
2014-12-23,301.89734,100.69415,301.15832,0.0,0.00019979166666666667,0.73902,8.32998,16.99312,0.0,0.0,0.0
2014-12-24,302.90937,100.65152,302.16882,0.0,0.00020666666666666666,0.74055,7.56913,16.95088,0.0,0.0,0.0
2014-12-25,303.88903,100.61121,303.15607,0.0,0.0,0.73296,7.84823,16.90225,0.0,0.0,0.0
2014-12-26,304.8781,100.5726,304.14166,0.0,0.000968125,0.73644,6.95278,16.93392,0.0,0.0,0.0
2014-12-27,305.8133,100.5354,305.08061,0.0,0.026003333333333333,0.73269,6.30489,16.83399,0.0,0.0,0.0
2014-12-28,306.69742,100.49774,305.97591,0.0,0.016075208333333334,0.72151,6.99564,16.88063,0.0,0.0,0.0
2014-12-29,307.49287,100.46442,293.58309,0.0,0.0,13.90978,8.03193,3.8643,0.0,0.0,0.0
2014-12-30,308.20234,100.4347,175.76731,0.0,0.0,132.43503,8.12123,114.56645,0.0,0.0,0.0
2014-12-31,309.33214,100.4008,175.73963,0.0,0.0,133.59251,8.92914,115.63898,0.0,0.0,0.0
2015-01-01,298.43558686698935,105.3008501031917,192.40860806681286,0.0,44.0,106.02697880017651,21.33712516827586,77.94737669091299,94.01,16782.38,65.19
2015-01-02,292.150093125,107.43008645833334,191.88637895833332,0.0,45.9521175,100.26371416666667,45.620785,71.457408125,790.87,118908.67,299.67
2015-01-03,279.98879791666667,107.89632375,184.54984833333333,0.0,47.7989475,95.43894958333334,60.845041458333334,66.33670625,916.81,148644.1,345.31
2015-01-04,271.29845458333335,107.9118625,184.70966916666666,0.0,47.710102291666665,86.58878541666667,57.43637604166667,57.67066666666667,788.73,115569.52,400.83
2015-01-05,265.07030979166666,107.93988645833333,183.37638729166667,0.0,47.867310208333336,81.6939225,56.25419291666667,52.70205020833333,790.15,115433.13,405.58
2015-01-06,258.82713041666665,107.946115,182.74352458333334,0.0,47.972498333333334,76.08360583333334,59.488347708333336,47.361429791666666,783.85,113935.04,411.88
2015-01-07,254.71381,107.88157604166666,183.96244520833332,0.0,47.375647083333334,70.75136479166666,53.00238541666667,42.01268145833333,574.29,84034.22,461.44
2015-01-08,251.04313458333334,107.878468125,182.46051395833334,0.0,48.11144854166667,68.582620625,54.207865,39.63654875,626.39,90849.23,512.88
2015-01-09,247.7236247272576,107.56096871869458,188.73857608461583,0.0,36.354937291666666,58.985048642641765,48.257347230123166,31.618758945081332,355.75,51609.08,282.81
2015-01-10,244.41230114912133,107.63805423247395,179.17845314359457,0.0,40.78884583333333,65.23384800552678,54.088435711014746,38.018621974924834,422.91,61324.12,311.75
2015-01-11,243.64955916666668,107.78763770833334,183.94686354166666,0.0,47.8685125,59.702695625,54.041505,30.227684375,486.97,70280.92,366.9
2015-01-12,239.9133425,107.88149708333333,177.743558125,0.0,49.043021458333335,62.169784375,53.399187291666664,32.877976458333336,597.29,86569.34,418.66
2015-01-13,234.20577833333334,107.90837229166667,174.69568958333332,0.0,50.15571125,59.51008875,56.320275208333335,30.120650833333332,610.33,88850.28,425.68
2015-01-14,230.07398625,107.535874375,188.14848791666665,0.0,55.80191166666667,41.92549833333333,43.697996875,17.7839125,580.74,85171.1,438.07
2015-01-15,230.81113541666667,107.820459375,184.95168104166666,0.0,50.53954125,45.859454375,53.74761854166667,23.545735208333333,461.02,66952.09,329.92
2015-01-16,229.08865708333335,107.821553125,178.165985625,0.0,48.985481875,50.92267145833333,52.477970416666665,21.419445208333332,453.09,64393.57,307.31
2015-01-17,228.88321,107.81721,178.49646,0.0,48.97446,50.38675,52.66854,20.96905,418.97,61533.75,292.68
2015-01-18,228.88321,107.81721,178.49646,0.0,48.97446,50.38675,52.66854,20.96905,442.16,64668.4,292.77
2015-01-19,228.88321,107.81721,178.49646,0.0,48.97446,50.38675,52.66854,20.96905,447.32,65213.05,295.52
2015-01-20,224.07523773201112,107.20941299733161,173.06293223629066,0.0,29.400224166666668,51.01230549572045,52.24315256876026,20.405797164063006,226.24,33090.82,180.33
2015-01-21,226.79013510896414,106.08545589722993,208.58431391191243,0.0,18.765333958333333,18.205821197051712,18.18281180332782,0.41189021925477204,7.64,1121.79,5.62
2015-01-22,234.75472,103.11691,202.91084,0.0,0.0,31.84388,7.10429,7.86441,0.0,0.0,0.0
2015-01-23,239.53218,102.25749,193.24061,0.0,0.0,46.29157,6.88779,19.3021,0.0,0.0,0.0
2015-01-24,243.039,101.57767,177.81837,0.0,0.0,65.22063,8.40626,37.38775,0.0,0.0,0.0
2015-01-25,249.68386,101.35814,165.79972,0.0,0.0,83.88414,8.5166,55.53855,0.0,0.0,0.0
2015-01-26,261.6484,101.59468,168.76566,0.0,0.0,92.88274,9.89668,64.12268,0.0,0.0,0.0
2015-01-27,265.82333,101.4951,170.763,0.0,0.0,95.06033,9.71667,66.10809,0.0,0.0,0.0
2015-01-28,268.73116,101.37723,172.06707,0.0,0.0,96.66409,7.70148,67.62499,0.0,0.0,0.0
2015-01-29,258.50599480218995,103.73604003853438,226.872256219161,0.0,31.084716458333332,31.63373858302895,12.263237745534328,3.2634121313104973,0.0,0.0,0.0
2015-01-30,260.2108223599321,101.82023803056028,231.45365363327673,0.0,33.57207416666667,28.757168726655348,6.011434346349746,0.48243152801358236,0.0,0.0,0.0
2015-01-31,263.14618,100.63036,207.14227,0.0,0.0,56.00391,9.38385,27.68898,0.0,0.0,0.0
2015-02-01,265.35065,100.46451,193.00393,0.0,0.0,72.34672,7.89114,43.97546,0.0,0.0,0.0
2015-02-02,267.76235,100.43008,183.95814,0.0,0.0,83.80421,7.70452,55.55776,0.0,0.0,0.0
2015-02-03,276.37804,100.71924,183.55166,0.0,0.0,92.82638,8.51852,64.58897,0.0,0.0,0.0
2015-02-04,282.14045,100.73643,217.45937,0.0,15.735302916666667,64.68108,7.72044,45.35472,0.0,0.0,0.0
2015-02-05,285.12379,100.70016,284.98943,0.0,16.228658333333332,0.13436,6.16196,6.96237,0.0,0.0,0.0
2015-02-06,286.91713,100.65907,286.77628,0.0,0.0,0.14085,8.75813,21.22013,0.0,0.0,0.0
2015-02-07,288.27838,100.61517,288.10971,0.0,0.0,0.16867,10.43035,17.93672,0.0,0.0,0.0
2015-02-08,289.51177,100.57308,289.29619,0.0,0.0,0.21558,9.44786,12.6962,0.0,0.0,0.0
2015-02-09,273.9249775178998,107.03466809069212,222.66207350835322,0.0,21.282293541666668,51.26290400954654,42.98868064439141,23.06513412887828,125.26,20461.25,471.47
2015-02-10,266.9449872916667,107.79471354166667,205.706283125,0.0,48.896484375,61.238704166666665,62.482487291666665,32.591668541666664,402.41,61862.19,663.83
2015-02-11,259.99126270833335,107.91086916666667,199.303866875,0.0,48.95931,60.68739583333333,56.3078925,32.16190208333333,474.1,72529.77,557.04
2015-02-12,254.66364708333333,107.94134083333333,196.07243979166665,0.0,48.945120625,58.59120729166667,58.90773333333333,30.12325125,466.03,71095.25,550.25
2015-02-13,248.4935984827891,107.05543043306842,192.84992518641124,0.0,48.407934166666664,55.64367329637787,58.419693802112,27.30681292466631,423.36,64496.63,534.75
2015-02-14,247.16131958333332,107.92781791666667,193.38895520833333,0.0,49.024828541666665,53.772364375,62.620599166666665,25.173213958333335,421.26,64061.91,544.04
2015-02-15,242.39248014733948,106.96902529095298,191.1918085650479,0.0,48.045273125,51.20067158229159,58.06826543675083,22.877391298194834,419.02,63549.54,538.95
2015-02-16,242.43809791666666,107.90564708333333,192.42222520833334,0.0,49.02818,50.01587270833333,56.41098208333333,21.45498,419.54,63731.42,468.27
2015-02-17,240.78363227272726,107.89671840909091,192.2188325,0.0,46.803729347826085,48.56479977272727,53.986301818181815,19.9701125,409.69,62914.7,474.07
2015-02-18,237.65761625,107.979419375,188.09160708333334,0.0,50.76397333333333,49.56600916666667,54.72807145833333,20.958174375,519.64,77678.67,551.1
2015-02-19,230.46039291666668,108.07244,180.77509958333334,0.0,52.93471854166667,49.685293333333334,62.20128979166667,21.086734166666666,652.82,97101.11,618.78
2015-02-20,226.44892166666668,108.035421875,179.56347395833333,0.0,53.106881875,46.88544770833333,64.83710583333334,18.07755875,638.16,95395.52,702.45
2015-02-21,223.74443791666667,108.01888083333333,179.72254604166667,0.0,53.2423425,44.021891875,68.06124125,15.423551666666667,624.59,93261.67,672.22
2015-02-22,222.10759729166668,108.009535625,180.58834708333333,0.0,53.324685833333334,41.51925020833333,63.29983791666667,12.914945833333332,475.6,70961.75,544.64
2015-02-23,221.13743416666668,107.99818625,181.78779125,0.0,53.273245208333336,39.34964291666667,56.295767291666664,10.716931666666667,410.07,61684.06,479.46
2015-02-24,219.292496875,108.04080770833333,179.89666041666666,0.0,55.83618875,39.395836458333335,63.126709166666664,10.43758625,625.9,92974.81,555.93
2015-02-25,211.71587791666667,108.176775625,170.841316875,0.0,60.367970625,40.87456104166667,74.27926,12.051708958333334,940.93,137836.14,770.81
2015-02-26,208.73589875,108.164166875,171.62574666666666,0.0,60.36061541666667,37.11015208333333,68.83074020833334,8.465377291666666,738.49,108413.19,622.56
2015-02-27,208.16032222777085,108.10379372274461,174.59275600214238,0.0,47.620348541666665,33.56756622562847,61.42844815207424,4.963594169125531,399.77,59444.09,424.37
2015-02-28,214.94534,104.4933,159.58578,0.0,0.0,55.35956,7.75266,28.93609,0.0,0.0,0.0
2015-03-01,220.50093,103.26508,158.60322,0.0,0.0,61.89771,7.56072,34.53308,0.0,0.0,0.0
2015-03-02,225.38752,102.67823,158.70719,0.0,0.0,66.68033,8.61528,38.70982,0.0,0.0,0.0
2015-03-03,230.0927,102.31862,160.06893,0.0,0.0,70.02377,7.03505,41.46242,0.0,0.0,0.0
2015-03-04,225.52635,97.88002,154.94634,0.0,0.0,70.58001,7.61693,42.53062,0.0,0.0,0.0
2015-03-05,239.26119,101.76095,162.05076,0.0,0.0,77.21043,8.45224,47.47894,0.0,0.0,0.0
2015-03-06,243.17754,101.47166,164.53654,0.0,0.89993625,78.641,8.41289,49.40415,0.0,0.0,0.0
2015-03-07,247.13073,101.20645,219.89757,0.0,0.102563125,27.23316,10.30383,21.40494,0.0,0.0,0.0
2015-03-08,254.2578,100.79455,178.60909,0.0,0.0,75.64871,12.17707,67.46015,0.0,0.0,0.0
2015-03-09,264.9221,101.11481,177.23771,0.0,0.0,87.68439,8.30259,76.19262,0.0,0.0,0.0
2015-03-10,269.46578,101.09247,178.50755,0.0,0.0,90.95823,9.55393,79.52062,0.0,0.0,0.0
2015-03-11,272.23795,101.03523,179.27823,0.0,0.0,92.95972,8.79024,81.5111,0.0,0.0,0.0
2015-03-12,275.01941,100.9723,180.0614,0.0,0.0,94.95801,8.51107,83.47175,0.0,0.0,0.0
2015-03-13,277.66525,100.90912,180.78009,0.0,0.0,96.88516,7.72564,85.39279,0.0,0.0,0.0
2015-03-14,280.23073,100.84668,181.44751,0.0,0.0,98.78322,8.07467,87.30879,0.0,0.0,0.0
2015-03-15,282.77074,100.79028,182.07665,0.0,0.0,100.69409,8.81708,89.17447,0.0,0.0,0.0
2015-03-16,284.84795,100.73441,182.59318,0.0,0.0,102.25477,8.81675,83.4646,0.0,0.0,0.0
2015-03-17,286.79664,100.68277,183.05713,0.0,0.0,103.73951,9.18422,79.28421,0.0,0.0,0.0
2015-03-18,269.11540343619225,106.69695702815311,231.80387371243603,0.0,19.218938125,37.31152972375623,47.53964051783981,18.62322461833284,91.76,13339.36,411.9
2015-03-19,260.26414208333335,107.95330791666666,222.06209,0.0,51.612996875,38.202052083333335,68.47460083333333,21.497035208333333,216.14,31636.31,1040.42
2015-03-20,252.94637354166667,108.13967229166667,211.75848625,0.0,51.83247729166666,41.18788729166667,70.30414104166667,24.5238475,222.87,32483.8,1131.36
2015-03-21,246.4192775,108.17621916666667,203.14407625,0.0,51.95842125,43.27520125,72.432070625,24.557435208333334,225.74,32819.07,1066.04
2015-03-22,241.94698625,108.15666708333333,198.65807604166667,0.0,53.545301458333334,43.288910208333334,59.767807291666664,14.723960625,385.1,58378.5,759.09
2015-03-23,238.19819416666667,108.1399325,196.34660166666666,0.0,53.516415,41.8515925,65.73708395833333,13.361014166666667,342.99,53457.1,698.06
2015-03-24,235.28940333333333,108.11805041666666,194.72170833333334,0.0,53.53940541666667,40.567695,68.67021916666667,12.08266125,355.76,54800.79,798.3
2015-03-25,232.31109729166667,108.13058083333334,192.60147916666668,0.0,54.719445416666666,39.709618125,69.84208708333334,11.072131875,447.87,67646.23,898.3
2015-03-26,223.934705625,108.24463895833334,184.03750395833333,0.0,60.038315625,39.89720166666667,75.16789791666666,8.737491666666667,609.35,89538.88,872.75
2015-03-27,220.574520625,108.19171229166666,182.846191875,0.0,59.87418208333333,37.72832875,71.9744825,6.664692083333334,618.61,89062.1,854.72
2015-03-28,217.49070791666668,108.18540375,181.02717583333333,0.0,59.895556875,36.463532083333334,68.1361775,6.9929483333333335,565.02,75662.72,781.51
2015-03-29,214.86722795454546,108.17622931818183,179.8331609090909,0.0,57.23280326086957,35.03406704545455,72.43252159090909,6.4257172727272724,550.72,79169.64,757.13
2015-03-30,212.16489553191488,108.203585625,177.8845192819149,0.0,63.47054083333333,34.28037625,72.81056625,5.298848541666667,624.44,90173.3,779.34
2015-03-31,208.36728833333333,108.214961875,175.392838125,0.0,65.01727458333333,32.97445020833333,73.4941675,4.234798541666667,622.85,88513.65,758.52
2015-04-01,211.3002012316342,107.04089362153994,182.84436683506416,0.0,17.946539583333333,28.455834396570012,34.81366962093916,0.5228182270648913,57.52,8421.71,72.16
2015-04-02,221.50748,103.48792,179.76736,0.0,0.35100625,41.74012,9.68555,13.98829,0.0,0.0,0.0
2015-04-03,226.78803,102.74569,178.35121,0.0,0.31898604166666666,48.43682,10.28203,18.53238,0.0,0.0,0.0
2015-04-04,231.51984,102.31066,178.23134,0.0,0.30081833333333335,53.2885,8.9459,21.59866,0.0,0.0,0.0
2015-04-05,236.02805,101.88055,176.22251,0.0,0.2997152083333333,59.80554,8.63144,28.0221,0.0,0.0,0.0
2015-04-06,237.97971,101.66857,167.80814,0.0,0.3137583333333333,70.17157,9.63887,40.14964,0.0,0.0,0.0
2015-04-07,241.96507,101.11734,158.18888,0.0,0.3034204166666667,83.77619,9.59993,54.24214,0.0,0.0,0.0
2015-04-08,256.40511,101.33791,162.28033,0.0,0.3074210416666667,94.12478,10.69959,64.87361,0.0,0.0,0.0
2015-04-09,263.09583,101.29091,164.77914,0.0,0.2935772916666667,98.31669,8.07704,69.24425,0.0,0.0,0.0
2015-04-10,266.31389,101.19591,166.05548,0.0,0.26571229166666666,100.25841,8.4483,71.28183,0.0,0.0,0.0
2015-04-11,269.16948,101.11123,167.1966,0.0,0.24146041666666668,101.97288,8.78456,73.17026,0.0,0.0,0.0
2015-04-12,272.00976,101.03259,168.23407,0.0,0.240975,103.77569,8.04851,74.80355,0.0,0.0,0.0
2015-04-13,274.89513,100.9601,169.2723,0.0,0.23666166666666666,105.62283,8.82124,76.6946,0.0,0.0,0.0
2015-04-14,277.40052,100.89184,170.07287,0.0,0.27623604166666665,107.32765,8.98024,78.31288,0.0,0.0,0.0
2015-04-15,280.04648,100.83102,170.96165,0.0,0.26274854166666667,109.08483,10.29142,79.84355,0.0,0.0,0.0
2015-04-16,282.62721,100.77125,171.79532,0.0,0.25917375,110.83189,11.49064,81.57604,0.0,0.0,0.0
2015-04-17,285.05341,100.71601,172.43634,0.0,0.27304125,112.61707,12.19857,83.16399,0.0,0.0,0.0
2015-04-18,287.4565,100.66662,173.12126,0.0,0.26260770833333336,114.33524,12.45519,84.95263,0.0,0.0,0.0
2015-04-19,289.77927,100.61792,173.71621,0.0,0.21968479166666666,116.06306,12.3037,86.59386,0.0,0.0,0.0
2015-04-20,275.58731473282444,106.03769748091604,238.97582465648856,0.0,31.6905675,36.611490076335876,31.72141961832061,18.501988167938933,81.91,11892.81,490.87
2015-04-21,262.8739525,108.01530729166667,229.99672958333332,0.0,52.61598541666667,32.87722291666667,74.117049375,20.16099,172.87,25443.87,1263.33
2015-04-22,253.767355625,108.15864229166667,216.692483125,0.0,52.5973525,37.0748725,76.61395916666666,21.688651041666667,268.47,39276.35,1093.31
2015-04-23,248.85294395833333,108.14513729166667,209.48844395833333,0.0,52.658717708333334,39.3645,72.49167791666666,15.133004166666666,320.34,46340.29,879.08
2015-04-24,246.51121979166666,108.107439375,206.76545333333334,0.0,52.65301916666667,39.745766458333335,66.226455,10.816299583333333,318.85,46150.43,877.01
2015-04-25,243.69955270833333,108.11074916666666,204.34766729166665,0.0,52.70381208333333,39.35188541666667,67.09281125,10.419662708333334,340.53,49280.04,822.81
2015-04-26,241.28773604166668,108.10207229166667,202.55864520833333,0.0,52.70324479166667,38.72909083333333,67.04715145833333,9.821548958333333,339.92,49138.37,770.94
2015-04-27,236.87078895833332,108.196923125,198.18931541666666,0.0,55.266608958333336,38.68147354166667,70.35926645833334,9.703193333333333,396.95,57219.1,899.34
2015-04-28,232.02757208333333,108.22723291666667,194.032926875,0.0,56.90749458333333,37.99464520833333,71.303924375,8.996435833333333,443.99,63898.13,911.0
2015-04-29,224.94327354166666,108.28947229166667,187.74535916666667,0.0,59.771223125,37.197914375,76.52687270833333,8.284603958333333,574.96,82467.28,814.2
2015-04-30,219.36683541666667,108.28421604166667,183.723598125,0.0,62.13158229166667,35.643237291666665,77.13500020833334,6.733651875,607.87,87181.43,921.11
2015-05-01,213.64069333333333,108.28916229166667,179.56738291666667,0.0,65.019064375,34.073310416666665,77.72017854166667,5.308860625,664.96,94868.52,926.26
2015-05-02,210.47946729166668,108.26396979166667,178.23948041666668,0.0,68.38614583333333,32.239986875,76.67961416666667,3.5803683333333334,621.12,88495.68,868.75
2015-05-03,209.44214019944727,108.2326231636749,178.18448286545677,0.0,28.405128958333332,31.2576573339905,75.01007179070963,2.6778549532205846,211.5,30482.87,298.81
2015-05-04,222.56429,103.89047,156.41145,0.0,0.0,66.15284,10.5823,37.25862,0.0,0.0,0.0
2015-05-05,228.48689,102.97323,158.35347,0.0,0.0,70.13342,9.77459,57.94657,0.0,0.0,0.0
2015-05-06,233.35057,102.40036,159.00236,0.0,0.0,74.34821,9.15764,72.73139,0.0,0.0,0.0
2015-05-07,237.828,101.92222,157.31718,0.0,0.0,80.51082,10.10663,79.06124,0.0,0.0,0.0
2015-05-08,243.55864,101.63858,154.77495,0.0,0.0,88.78369,10.24014,87.42538,0.0,0.0,0.0
2015-05-09,255.88421,101.66723,159.05033,0.0,0.0,96.83388,9.68749,95.61401,0.0,0.0,0.0
2015-05-10,261.71623,101.51606,161.41416,0.0,0.0,100.30207,10.09624,95.37836,0.0,0.0,0.0
2015-05-11,265.16785,101.38289,162.71829,0.0,0.0,102.44956,10.10935,95.04456,0.0,0.0,0.0
2015-05-12,268.49913,101.26755,164.01483,0.0,0.0,104.4843,9.8837,97.05538,0.0,0.0,0.0
2015-05-13,271.38147,101.16469,165.13948,0.0,0.0,106.24199,11.14813,86.78873,0.0,0.0,0.0
2015-05-14,274.26646,101.07444,166.21195,0.0,0.0,108.05451,11.49063,78.96014,0.0,0.0,0.0
2015-05-15,276.84253,100.9909,167.1379,0.0,0.0,109.70463,10.60181,80.60908,0.0,0.0,0.0
2015-05-16,279.08051,100.91549,167.89177,0.0,0.0,111.18874,9.98489,82.08995,0.0,0.0,0.0
2015-05-17,281.34986,100.84808,168.64921,0.0,0.0,112.70065,11.09998,83.6044,0.0,0.0,0.0
2015-05-18,283.69139,100.78677,169.39794,0.0,0.0,114.29345,9.37391,85.18898,0.0,0.0,0.0
2015-05-19,285.93758,100.72822,170.12594,0.0,0.0,115.81164,9.06502,86.6956,0.0,0.0,0.0
2015-05-20,287.89102,100.67343,170.73218,0.0,0.0,117.15884,11.1336,88.0611,0.0,0.0,0.0
2015-05-21,289.6236,100.62284,171.23626,0.0,0.0,118.38734,11.21557,89.30303,0.0,0.0,0.0
2015-05-22,264.55074338983053,107.26373983050847,235.4514866101695,0.0,22.223388958333334,29.099256779661015,66.36111644067796,12.029144406779661,143.08,20890.14,228.12
2015-05-23,249.19537208333333,108.20135625,220.21617979166666,0.0,73.66493208333333,28.979192291666667,83.420484375,6.574285208333333,502.61,76174.53,768.26
2015-05-24,235.034919375,108.32018,199.96609875,0.0,68.76318791666667,35.068820625,78.99747520833333,5.730275625,537.12,78842.94,864.41
2015-05-25,233.43053645833334,108.16913729166667,197.15619604166668,0.0,57.351834375,36.27434041666667,74.119439375,7.481208958333333,504.77,74291.45,803.3
2015-05-26,232.597249375,108.10339166666667,197.78529166666667,0.0,56.38096854166667,34.81195770833333,70.58330666666667,6.0599895833333335,353.36,51937.64,762.44
2015-05-27,232.83395479166666,107.77378708333333,200.6650975,0.0,56.4645325,32.16885729166667,56.42825229166667,3.4820341666666668,294.17,43076.57,647.12
2015-05-28,238.9297728373548,105.42022083299028,210.2404890341356,0.0,0.0,28.689283803219176,13.532585126778741,0.025435921766399062,0.0,0.0,0.0
2015-05-29,246.97714,102.15211,187.04428,0.0,0.21992979166666668,59.93286,10.31874,31.27355,0.0,0.0,0.0
2015-05-30,250.83245,101.50433,173.19047,0.0,0.18303916666666667,77.64198,11.49658,48.98669,0.0,0.0,0.0
2015-05-31,256.60576,101.34046,167.86521,0.0,0.16631666666666667,88.74055,12.12503,60.08323,0.0,0.0,0.0
2015-06-01,267.09989,101.38697,170.83633,0.0,0.15958916666666667,96.26356,10.48793,67.58099,0.0,0.0,0.0
2015-06-02,272.30002,101.24125,172.63946,0.0,0.15192375,99.66056,9.23777,70.95278,0.0,0.0,0.0
2015-06-03,275.18273,101.10694,173.65379,0.0,0.12980770833333333,101.52894,11.69984,72.84548,0.0,0.0,0.0
2015-06-04,277.79339,101.00098,174.52107,0.0,0.13844291666666667,103.27232,12.5973,74.60143,0.0,0.0,0.0
2015-06-05,280.27693,100.90623,175.3202,0.0,0.113429375,104.95673,13.01416,76.27273,0.0,0.0,0.0
2015-06-06,282.43,100.8173,175.97775,0.0,0.13805583333333332,106.45225,11.14448,77.76049,0.0,0.0,0.0
2015-06-07,284.31224,100.74333,176.61208,0.0,0.11709145833333333,107.70016,12.14386,101.21792,0.0,0.0,0.0
2015-06-08,286.12228,100.67577,177.14967,0.0,0.09387041666666666,108.97261,12.90018,102.43381,0.0,0.0,0.0
2015-06-09,287.87222,100.61781,177.61312,0.0,0.09387479166666667,110.2591,13.89576,103.69155,0.0,0.0,0.0
2015-06-10,289.51674,100.56435,178.05925,0.0,0.083115625,111.45749,14.11705,97.87052,0.0,0.0,0.0
2015-06-11,272.69063377042374,106.90409913966312,239.0701156996936,0.0,22.757833541666667,33.620518070730135,43.10506678363155,16.67657233011734,83.28,12120.39,435.49
2015-06-12,259.989081875,107.94494979166667,226.55001625,0.0,60.862071666666665,33.439065625,74.2487475,5.694804375,212.85,31054.74,1287.37
2015-06-13,253.84501875,108.068313125,217.27801729166666,0.0,54.85205479166667,36.56700145833333,74.56848708333334,8.827325416666667,256.04,36917.37,1013.18
2015-06-14,251.02736666666667,108.02531083333334,212.33480625,0.0,51.820223125,38.692560416666666,67.97954229166666,10.960642291666666,235.07,34214.48,746.84
2015-06-15,248.76812333333334,108.02180145833333,209.87778375,0.0,51.75249770833334,38.890339583333336,66.47582645833333,11.152949375,240.06,34789.31,703.21
2015-06-16,246.559396875,107.98906916666667,208.353694375,0.0,51.4827875,38.2057025,63.713067083333335,10.496157291666666,245.4,35542.65,603.86
2015-06-17,245.20212645833334,107.960440625,207.843325625,0.0,51.35455979166667,37.35880083333333,60.13051,9.604126458333333,221.41,32378.43,550.44
2015-06-18,243.781339375,107.9626325,207.08969375,0.0,51.822890625,36.691645625,62.83206270833333,8.92555,223.27,32481.18,544.72
2015-06-19,242.22255375,107.976584375,206.11444666666668,0.0,52.09687666666667,36.10810708333333,63.52119208333333,8.345849791666666,229.63,34081.21,554.54
2015-06-20,240.637585,107.98367625,205.19208104166665,0.0,52.4484025,35.44550395833333,63.16937229166667,7.6917225,219.05,32411.65,556.43
2015-06-21,239.84811166666665,107.95585145833333,205.37853979166667,0.0,52.694649375,34.469571875,62.14482604166667,6.70292375,204.65,30485.3,535.84
2015-06-22,238.53256041666666,108.00398625,203.96021104166667,0.0,53.39161958333333,34.572349375,64.54508916666667,6.8125310416666665,211.31,31255.55,548.94
2015-06-23,234.81089625,108.14835479166666,199.12921395833334,0.0,55.361808958333334,35.68168229166667,70.45132104166667,7.941432916666667,337.64,49947.53,745.74
2015-06-24,228.969281875,108.22413145833333,192.65277833333334,0.0,56.58418833333333,36.31650354166667,74.713625625,8.626054375,422.22,62161.12,822.75
2015-06-25,226.21517875,108.16948895833333,191.41039625,0.0,56.562099583333335,34.8047825,73.23425770833333,7.137094375,387.93,57124.89,710.71
2015-06-26,224.20622208333333,108.16213541666667,190.42839395833334,0.0,58.21413104166667,33.777828125,72.32137625,5.958871458333333,446.62,65355.84,765.45
2015-06-27,221.04118625,108.19619229166666,187.73526645833334,0.0,60.88890333333333,33.30591979166667,73.68287583333333,4.773925208333333,435.55,63621.32,747.14
2015-06-28,218.23680395833333,108.21619604166666,185.8359775,0.0,62.82589333333333,32.400826458333334,72.15043604166667,3.9133764583333335,451.91,66072.21,751.35
2015-06-29,213.81011541666666,108.287074375,181.86936,0.0,69.60881708333334,31.940755416666665,75.97423354166666,3.602936875,635.31,91315.49,973.87
2015-06-30,207.21897625,108.319924375,176.36229833333334,0.0,73.33077083333333,30.856677916666666,77.12882083333334,3.123494583333333,645.3,92006.82,950.82
2015-07-01,211.1208998199698,107.51574452764099,183.43514342297374,0.0,10.210002291666667,27.685756396996055,41.20551324613342,0.4916317095577625,15.53,2297.31,26.37
2015-07-02,223.99663,103.60998,175.68646,0.0,0.0,48.31017,16.35778,21.77518,0.0,0.0,0.0
2015-07-03,229.86293,102.8353,174.75257,0.0,0.0,55.11036,15.76493,27.63878,0.0,0.0,0.0
2015-07-04,234.76017,102.26901,171.15893,0.0,0.0,63.60124,15.62738,36.17894,0.0,0.0,0.0
2015-07-05,238.99814,101.85471,166.09041,0.0,0.0,72.90773,14.33306,45.42414,0.0,0.0,0.0
2015-07-06,243.32731,101.52122,160.62851,0.0,0.0,82.6988,16.02325,55.07803,0.0,0.0,0.0
2015-07-07,250.52107,101.44269,157.46286,0.0,0.0,93.05821,15.4112,65.53056,0.0,0.0,0.0
2015-07-08,261.36341,101.52573,161.25494,0.0,0.0,100.10847,15.38699,72.48338,0.0,0.0,0.0
2015-07-09,266.49146,101.4179,163.2446,0.0,0.0,103.24686,13.98956,75.71876,0.0,0.0,0.0
2015-07-10,269.73974,101.31412,164.43598,0.0,0.0,105.30376,14.19325,77.85825,0.0,0.0,0.0
2015-07-11,272.55195,101.22364,165.44739,0.0,0.0,107.10456,14.17334,79.62991,0.0,0.0,0.0
2015-07-12,275.27803,101.13912,166.44787,0.0,0.0,108.83016,14.49532,81.21979,0.0,0.0,0.0
2015-07-13,277.84871,101.06119,167.34561,0.0,0.0,110.5031,15.64473,82.72851,0.0,0.0,0.0
2015-07-14,280.2404,100.98645,168.15056,0.0,0.0,112.08984,16.73143,83.87015,0.0,0.0,0.0
2015-07-15,282.43256,100.91837,168.89746,0.0,0.0,113.5351,17.00184,85.41312,0.0,0.0,0.0
2015-07-16,284.58403,100.85759,169.59332,0.0,0.0,114.99071,17.19242,86.89378,0.0,0.0,0.0
2015-07-17,286.92993,100.79989,170.34199,0.0,0.0,116.58794,15.56454,88.8537,0.0,0.0,0.0
2015-07-18,288.93574,100.73988,170.95993,0.0,0.0,117.97581,13.5421,90.35124,0.0,0.0,0.0
2015-07-19,290.72391,100.69121,171.55488,0.0,0.0,119.16903,13.93385,91.64385,0.0,0.0,0.0
2015-07-20,292.30133,100.64473,172.03743,0.0,0.0,120.2639,14.78841,92.88181,0.0,0.0,0.0
2015-07-21,293.68891,100.59485,173.86718,0.0,0.0,119.82173,13.98936,91.92279,0.0,0.0,0.0
2015-07-22,268.87922223463687,107.54775759776537,240.5757453631285,0.0,55.01502395833333,28.30347687150838,64.06441329608938,10.206929888268157,110.7,16834.25,1201.2
2015-07-23,257.85251666666665,108.11948541666666,228.91118708333335,0.0,76.03492895833334,28.941329583333335,73.50684520833333,1.6543891666666666,165.82,25057.07,1349.74
2015-07-24,248.65667520833333,108.21226604166667,216.19297333333333,0.0,62.365308125,32.463701875,77.29776354166667,4.816654375,264.65,39858.61,1152.34
2015-07-25,248.31586041666668,108.07554166666667,213.89819875,0.0,53.82786041666667,34.41766166666667,70.60238708333333,7.17167625,204.35,30789.46,744.25
2015-07-26,245.78944583333333,108.0969725,211.31430354166667,0.0,53.75939666666667,34.475142291666664,69.98886604166667,7.227362291666667,229.61,34487.65,733.71
2015-07-27,243.75554895833332,108.07827583333334,209.60083833333334,0.0,53.47774666666667,34.154710625,68.88128833333333,6.910010416666666,227.7,34207.25,677.96
2015-07-28,242.07917833333335,108.05901125,208.54417083333334,0.0,53.414213333333336,33.5350075,67.50427354166666,6.282735625,223.78,33825.26,670.66
2015-07-29,241.09512708333332,108.014125625,208.54715354166666,0.0,53.51099875,32.547973541666664,65.37487104166667,5.283467916666667,182.64,27538.19,580.04
2015-07-30,240.00802666666667,108.035161875,207.54031979166666,0.0,54.51366604166667,32.467706875,65.544608125,5.197388125,201.69,30240.3,609.11
2015-07-31,237.15612916666666,108.13048479166666,204.26667291666666,0.0,56.361824166666665,32.88945625,67.56170979166667,5.459842916666667,267.48,40043.61,708.88
2015-08-01,231.56996875,108.24517104166667,197.85706104166667,0.0,58.649928958333334,33.71290770833333,68.344095,5.977568125,350.0,52296.95,826.33
2015-08-02,229.023134375,108.173670625,196.68528833333335,0.0,58.559740625,32.337846041666666,67.77410708333333,4.700881458333333,322.99,48064.42,713.45
2015-08-03,225.78627145833335,108.21635875,193.70706833333332,0.0,62.103713541666664,32.079203125,73.14789625,3.928983125,384.65,57758.9,819.92
2015-08-04,220.49977104166666,108.25252395833333,188.26696145833333,0.0,63.750488125,32.232809583333335,73.74903229166667,3.89781375,443.81,66824.44,844.98
2015-08-05,213.10862104166668,108.29224416666666,182.84996333333333,0.0,70.87810604166667,30.258657708333335,72.729213125,5.831541875,732.83,107840.05,1146.74
2015-08-06,208.739611875,108.27667416666667,179.0728775,0.0,73.51619541666666,29.666734375,75.582770625,2.3916229166666665,583.05,86709.92,875.53
2015-08-07,210.43508587767394,108.14280098473759,183.60699252804173,0.0,11.826260833333333,26.82809334963222,71.09571974955627,1.1971883544717763,53.69,8197.91,107.08
2015-08-08,224.06833,103.67161,160.31936,0.0,0.0,63.74897,16.51048,43.91188,0.0,0.0,0.0
2015-08-09,229.90704,102.82611,160.27097,0.0,0.0,69.63607,15.27238,50.85825,0.0,0.0,0.0
2015-08-10,234.76256,102.211,156.92187,0.0,0.0,77.84069,15.79315,59.50032,0.0,0.0,0.0
2015-08-11,239.63926,101.86755,152.92613,0.0,0.0,86.71313,15.59189,68.71551,0.0,0.0,0.0
2015-08-12,251.34654,101.90231,156.56471,0.0,0.0,94.78183,15.5241,76.9464,0.0,0.0,0.0
2015-08-13,258.84638,101.75074,159.64563,0.0,0.0,99.20075,15.32782,81.37939,0.0,0.0,0.0
2015-08-14,262.69467,101.59801,161.25908,0.0,0.0,101.43559,16.61291,83.71782,0.0,0.0,0.0
2015-08-15,266.10566,101.46878,162.62465,0.0,0.0,103.48101,16.55525,85.79007,0.0,0.0,0.0
2015-08-16,269.28851,101.35698,163.90742,0.0,0.0,105.38109,17.44663,87.4463,0.0,0.0,0.0
2015-08-17,272.29436,101.2562,165.03736,0.0,0.0,107.257,18.07943,89.03614,0.0,0.0,0.0
2015-08-18,274.82665,101.16289,165.90501,0.0,0.0,108.92164,17.40226,90.02927,0.0,0.0,0.0
2015-08-19,277.31133,101.08182,166.75764,0.0,0.0,110.55369,17.26444,90.70273,0.0,0.0,0.0
2015-08-20,280.00644,101.00821,167.69037,0.0,0.0,112.31607,16.50929,91.51259,0.0,0.0,0.0
2015-08-21,282.40254,100.95096,223.08856,0.0,20.258738541666666,59.31398,16.10424,43.05608,0.0,0.0,0.0
2015-08-22,284.68249,100.8761,284.68249,0.0,19.413798125,0.0,16.73916,0.0003,0.0,0.0,0.0
2015-08-23,286.52985,100.81224,286.52985,0.0,0.49004875,0.0,17.80597,0.0,0.0,0.0,0.0
2015-08-24,288.06882,100.75691,288.06882,0.0,0.46119333333333334,0.0,17.93014,8e-05,0.0,0.0,0.0
2015-08-25,289.66053,100.70645,283.8329,0.0,9.518707291666667,5.82763,26.04349,1.00877,0.0,0.0,0.0
2015-08-26,291.14248,100.65888,286.34803,0.0,19.526529375,4.79445,28.18145,0.22982,0.0,0.0,0.0
2015-08-27,292.63753,100.61364,292.63515,0.0,0.11848979166666666,0.00238,14.91002,0.04416,0.0,0.0,0.0
2015-08-28,293.82104,100.57062,293.8004,0.0,0.10666291666666666,0.02064,14.04657,0.02064,0.0,0.0,0.0
2015-08-29,281.83009,95.87601,281.78627,0.0,0.09114708333333334,0.04382,14.6915,0.04382,0.0,0.0,0.0
2015-08-30,295.93864,100.4941,295.88507,0.0,0.090775625,0.05357,14.51663,0.05357,0.0,0.0,0.0
2015-08-31,296.51084,100.32202,296.51084,0.0,0.09185458333333334,0.0,15.40851,14.25916,0.0,0.0,0.0
2015-09-01,297.82594,100.42618,296.76142,0.0,0.09106979166666666,1.06452,23.1032,27.57257,0.0,0.0,0.0
2015-09-02,298.74156,100.36834,275.28556,0.0,0.08240666666666667,23.456,21.60964,5.36571,0.0,0.0,0.0
2015-09-03,297.71153,99.90254,204.62907,0.0,0.06951166666666667,93.08246,19.64031,63.31851,0.0,0.0,0.0
2015-09-04,277.58874137946185,107.37464388523443,244.13986830098779,0.0,38.67100104166666,33.44887307847407,58.74552662602509,9.027847477715829,176.51,27383.9,933.81
2015-09-05,265.45919291666667,108.03807208333333,231.90520854166667,0.0,58.93306104166667,33.553984375,78.65593833333334,6.861887083333333,291.3,44064.48,1417.15
2015-09-06,258.20136104166664,108.09493333333333,222.72154770833333,0.0,55.807739166666664,35.47981333333333,76.71006166666666,8.779020833333334,344.41,51698.11,1068.6
2015-09-07,253.93391770833333,108.097246875,217.28541208333334,0.0,53.856190833333336,36.648505625,73.61219854166667,9.976605625,360.29,53948.96,983.35
2015-09-08,250.72906541666666,108.08575104166667,214.03285625,0.0,53.287,36.69620916666667,71.531215,10.044035,369.91,55458.25,855.05
2015-09-09,247.680291875,108.084010625,211.45257125,0.0,53.28875020833333,36.227720625,70.84700666666667,9.5660325,370.14,55321.24,818.86
2015-09-10,245.182115625,108.06619291666667,209.83790458333334,0.0,53.293696041666664,35.34421104166667,69.52464104166667,8.693740208333333,355.61,53158.57,754.21
2015-09-11,243.31998416666667,108.03156583333333,209.22841291666666,0.0,53.26502791666667,34.09157125,67.37387541666666,7.43589875,334.51,50330.73,706.99
2015-09-12,239.65695458333334,108.14134375,205.5562525,0.0,55.98024041666667,34.10070208333333,71.44295145833334,7.377876041666667,397.18,58900.62,858.09
2015-09-13,235.341391875,108.16110833333333,201.878021875,0.0,56.80937041666667,33.46337,70.46284833333333,6.753859791666667,411.79,60948.22,840.38
2015-09-14,232.74826645833335,108.139724375,200.32935645833334,0.0,57.749569791666666,32.41891,71.87909291666666,5.63909,427.44,64121.63,817.92
2015-09-15,228.46513104166667,108.18670020833333,196.544505,0.0,60.309085,31.920626041666665,73.624714375,4.94689625,434.04,64316.54,890.56
2015-09-16,225.027478125,108.17662083333333,193.94675604166667,0.0,62.166072916666664,31.080722083333335,73.84938,3.9630064583333335,438.65,64702.0,887.5
2015-09-17,220.58318979166665,108.21312583333334,189.575694375,0.0,65.79759375,31.007495416666668,76.780525625,3.371948541666667,515.22,76528.74,931.11
2015-09-18,214.003685,108.284996875,183.17099895833334,0.0,77.67799083333334,30.832686041666665,79.77926833333333,2.250710625,614.6,89918.26,1061.29
2015-09-19,211.50218395833335,108.07291125,182.97533041666668,0.0,93.63542895833334,28.526853541666668,72.65986,1.07988875,509.6,74359.25,765.82
2015-09-20,217.5412459033011,105.90531632674849,192.87613328356485,0.0,34.853130416666666,24.665112619736245,29.3560093272889,0.194397092172205,109.07,16388.92,176.43
2015-09-21,227.64611,103.36234,192.465,0.0,0.00014333333333333334,35.18111,15.71801,6.68327,0.0,0.0,0.0
2015-09-22,229.3116,100.8778,185.41564,0.0,0.0,43.89596,15.03226,14.1379,0.0,0.0,0.0
2015-09-23,237.53079,101.97264,181.65523,0.0,0.0,55.87556,16.34695,25.18705,0.0,0.0,0.0
2015-09-24,242.00653,101.51875,172.06463,0.0,0.0,69.9419,13.4586,39.35964,0.0,0.0,0.0
2015-09-25,246.1143,101.26094,164.26231,0.0,0.0,81.85199,14.01943,51.21635,0.0,0.0,0.0
2015-09-26,254.84336,101.43468,164.4231,0.0,0.0,90.42026,16.22582,59.68505,0.0,0.0,0.0
2015-09-27,263.27294,101.39969,167.45004,0.0,0.0,95.8229,15.41373,64.9305,0.0,0.0,0.0
2015-09-28,268.06329,101.30076,169.14276,0.0,0.0,98.92053,14.34642,68.1909,0.0,0.0,0.0
2015-09-29,271.15538,101.20284,170.18019,0.0,0.0,100.97519,13.93011,70.43549,0.0,0.0,0.0
2015-09-30,273.99332,101.11744,171.15993,0.0,0.0,102.83339,13.75517,72.18973,0.0,0.0,0.0
2015-10-01,276.82822,101.03893,172.12753,0.0,0.0,104.70069,13.89245,74.04521,0.0,0.0,0.0
2015-10-02,279.43495,100.96549,172.98579,0.0,0.0,106.44916,13.77103,75.79517,0.0,0.0,0.0
2015-10-03,281.72672,100.89739,173.67191,0.0,0.0,108.05481,14.27212,77.33563,0.0,0.0,0.0
2015-10-04,283.89671,100.83444,174.28486,0.0,0.0,109.61185,15.11107,78.71737,0.0,0.0,0.0
2015-10-05,285.95143,100.77701,174.86124,0.0,0.0,111.09019,15.99278,80.38035,0.0,0.0,0.0
2015-10-06,287.91179,100.72447,175.41756,0.0,0.0,112.49423,15.12237,81.92257,0.0,0.0,0.0
2015-10-07,289.48634,100.67382,175.93667,0.0,0.0,113.54967,13.66079,83.21458,0.0,0.0,0.0
2015-10-08,290.9987,100.62615,176.37154,0.0,0.0,114.62716,13.88452,84.23972,0.0,0.0,0.0
2015-10-09,292.48509,100.58253,176.76169,0.0,0.0,115.7234,14.9766,85.06412,0.0,0.0,0.0
2015-10-10,293.90862,100.54241,177.14744,0.0,0.0,116.76118,14.33745,86.25246,0.0,0.0,0.0
2015-10-11,295.26877,100.50392,177.48535,0.0,0.0,117.78342,13.50133,87.46183,0.0,0.0,0.0
2015-10-12,296.52171,100.46684,177.85021,0.0,0.0,118.6715,12.26074,88.49887,0.0,0.0,0.0
2015-10-13,297.57477,100.42953,178.05937,0.0,0.0,119.5154,13.55503,89.08349,0.0,0.0,0.0
2015-10-14,282.4954977730719,105.59954950885614,227.80913034137774,0.0,13.458973541666667,54.686367431694165,35.887239694082865,31.83695695623417,68.45,10292.08,231.01
2015-10-15,266.7285533333333,107.90339229166666,239.882664375,0.0,59.00992166666666,26.845888958333333,79.764853125,8.119115208333334,105.62,16146.96,1645.08
2015-10-16,257.85519270833333,108.0525925,228.37925395833332,0.0,55.379709166666665,29.47593875,80.05827895833333,10.756467916666667,157.84,23819.66,1228.59
2015-10-17,254.75435395833333,108.00452479166667,222.52573625,0.0,51.612866875,32.22861770833333,72.92637270833333,13.50319,153.95,23111.45,862.14
2015-10-18,253.10014916666665,107.96312083333333,220.28585875,0.0,50.16502833333333,32.814290416666665,69.05145479166667,14.093316041666666,150.21,22354.38,714.55
2015-10-19,248.91862770833333,108.09233604166667,215.46067833333333,0.0,52.3161675,33.457949375,72.87741854166667,14.753864791666667,225.44,33844.5,861.16
2015-10-20,244.90601708333332,108.087671875,211.133265625,0.0,51.12081625,33.77275145833333,69.83978541666667,15.091922708333334,220.67,33090.49,816.18
2015-10-21,243.21173666666667,108.03095958333333,210.342775,0.0,52.894195625,32.868961666666664,61.204734375,9.907452291666667,208.22,31224.76,701.65
2015-10-22,240.39309625,108.069755625,208.12842854166666,0.0,55.40024979166667,32.264667708333334,64.32232270833333,6.161207708333333,217.89,32598.24,698.55
2015-10-23,238.33851270833333,108.05612979166666,207.07383333333334,0.0,56.32230520833333,31.264679375,64.55115645833334,5.2076625,218.67,32908.07,729.62
2015-10-24,234.84243083333334,108.11138354166667,203.84765895833334,0.0,58.327817083333336,30.994771875,66.50566833333333,4.639771666666666,252.89,38310.69,735.2
2015-10-25,232.592934,108.0744868,202.539827,0.0,59.99157,30.053107,66.5843442,5.2331716,284.35,42500.83,786.01
2015-10-26,226.84448729166667,108.18285395833334,194.49775208333332,0.0,55.619190208333336,32.346735208333335,70.539358125,13.630285833333334,393.65,64546.06,860.01
2015-10-27,222.44868479166666,108.17350229166667,191.255495,0.0,56.48961791666667,31.193189791666665,75.35461416666666,12.501842916666666,418.62,68466.4,846.55
2015-10-28,219.67743416666667,108.13854791666667,189.71858979166666,0.0,56.471529375,29.958844375,73.91004708333334,11.284748333333333,399.81,64240.2,801.29
2015-10-29,214.76013125,108.22752895833334,185.26703166666667,0.0,67.6650875,29.493099583333333,76.50866395833333,7.429941458333333,606.2,93397.01,1014.43
2015-10-30,213.31978584836287,108.16155333445649,183.93125058297423,0.0,6.64388375,29.38853526538864,73.71325652650931,1.2147101208864612,3.32,520.78,6.69
2015-10-31,229.10766,103.55602,161.39039,0.0,0.21763375,67.71727,12.55387,41.82544,0.0,0.0,0.0
2015-11-01,235.0264,102.69298,161.74971,0.0,0.20664270833333334,73.27669,11.89223,47.38315,0.0,0.0,0.0
2015-11-02,239.43721,102.10421,158.39257,0.0,0.19910041666666667,81.04464,11.83931,54.62036,0.0,0.0,0.0
2015-11-03,245.2319,101.83011,156.0428,0.0,0.174335625,89.1891,10.89257,62.66166,0.0,0.0,0.0
2015-11-04,256.00036,101.82003,159.75652,0.0,0.16085833333333333,96.24384,12.48322,69.39616,0.0,0.0,0.0
2015-11-05,262.6256,101.66094,162.38695,0.0,0.15917416666666667,100.23865,12.80509,73.05103,0.0,0.0,0.0
2015-11-06,266.81654,101.51024,164.04525,0.0,0.15893125,102.77129,12.90558,76.24756,0.0,0.0,0.0
2015-11-07,270.09462,101.3838,165.32029,0.0,0.15106958333333334,104.77433,12.61672,78.38648,0.0,0.0,0.0
2015-11-08,273.10975,101.27253,166.43055,0.0,0.13999166666666665,106.6792,12.39174,80.31768,0.0,0.0,0.0
2015-11-09,276.01351,101.175,167.46565,0.0,0.14452604166666666,108.54786,11.56632,82.19465,0.0,0.0,0.0
2015-11-10,278.86797,101.08777,168.43648,0.0,0.1361075,110.43149,12.89902,84.25578,0.0,0.0,0.0
2015-11-11,281.61697,101.00872,169.34174,0.0,0.128306875,112.27523,12.50535,86.86618,0.0,0.0,0.0
2015-11-12,284.21798,100.93737,170.18314,0.0,0.14425604166666667,114.03484,11.74401,88.53354,0.0,0.0,0.0
2015-11-13,286.61666,100.87242,170.94869,0.0,0.14319416666666668,115.66797,10.70665,89.82136,0.0,0.0,0.0
2015-11-14,288.75843,100.81086,171.68501,0.0,0.1582275,117.07342,10.86808,91.54947,0.0,0.0,0.0
2015-11-15,290.98057,100.75514,172.30849,0.0,0.14446083333333334,118.67208,12.43908,92.88733,0.0,0.0,0.0
2015-11-16,292.987,100.70403,172.87275,0.0,0.12348375,120.11425,11.21086,94.0719,0.0,0.0,0.0
2015-11-17,294.82257,100.6538,173.40936,0.0,0.131763125,121.41321,10.06202,95.39959,0.0,0.0,0.0
2015-11-18,278.77097860140003,106.30106010511128,237.3172681649499,0.0,27.954128333333333,41.453710436450145,35.500163867048116,23.571090141503493,63.09,9772.33,409.68
2015-11-19,270.76214604166665,107.61160270833334,243.920050625,0.0,56.91126104166667,26.842095416666666,64.63461895833333,5.680281458333333,57.47,8877.68,849.97
2015-11-20,263.8815775,107.88380479166666,237.190015,0.0,60.68199979166667,26.6915625,74.09602354166667,5.131814791666667,175.11,27014.97,1130.83
2015-11-21,251.50048395833332,108.18081833333333,222.50035854166666,0.0,60.689033125,29.000125416666666,81.46040458333333,7.432566041666667,252.27,38791.28,1424.88
2015-11-22,244.36538895833334,108.21456729166667,212.29090333333335,0.0,60.66511104166667,32.074485625,79.65732020833333,6.454427708333333,303.18,46436.13,1031.61
2015-11-23,239.834021875,108.20204104166666,206.72158583333334,0.0,60.61981875,33.11243604166667,71.80804916666666,5.642015416666666,303.74,46216.16,1034.87
2015-11-24,236.09294854166666,108.1676975,203.77491520833334,0.0,60.613366041666666,32.31803333333333,73.64569416666667,4.7904704166666665,301.02,45609.62,910.3
2015-11-25,232.987216875,108.16343104166667,201.82569979166666,0.0,62.96496,31.161517083333333,74.78287416666667,3.6224920833333334,308.88,46935.86,932.64
2015-11-26,229.87670833333334,108.13021729166667,199.96924729166668,0.0,65.61386729166666,29.907461041666668,68.73584854166667,2.5344122916666665,289.87,44165.41,799.32
2015-11-27,227.09142666666668,108.15000291666666,197.44003916666668,0.0,55.41932270833333,29.6513875,69.42702729166666,10.640595833333334,311.81,47139.21,853.14
2015-11-28,224.29229291666667,108.12914875,195.16442833333332,0.0,55.424830625,29.127864583333334,69.377614375,10.374463958333333,318.61,48869.1,808.83
2015-11-29,222.14875208333333,108.10624020833333,193.65398458333334,0.0,55.49048416666667,28.4947675,70.79450604166666,9.748518958333333,324.82,49522.64,753.11
2015-11-30,220.580816875,108.088120625,192.86638333333335,0.0,55.475823958333336,27.714433541666665,72.69539166666667,8.985725208333333,322.18,49034.04,743.13
2015-12-01,219.29341958333333,108.08272770833334,192.18957041666667,0.0,55.73844625,27.103849166666667,71.46085520833333,8.557774375,318.37,48722.55,736.98
2015-12-02,217.10464354166666,108.12094979166666,190.31470833333333,0.0,56.257409375,26.789935208333333,67.98909541666667,9.076614791666668,349.66,53110.24,737.72
2015-12-03,215.271738125,108.13927645833333,188.98080458333334,0.0,56.99664666666666,26.290933541666668,71.85915916666667,8.583688333333333,352.55,53761.4,745.33
2015-12-04,213.67574229166667,108.142055625,187.9609225,0.0,56.93237583333333,25.714819791666667,70.504564375,8.386423333333333,372.09,59284.7,770.98
2015-12-05,212.13073520833333,108.14998291666667,187.02194,0.0,56.804535,25.108795208333333,67.01441041666666,8.37811625,334.45,51571.83,727.27
2015-12-06,211.22852854166666,108.14618229166666,187.07237145833332,0.0,56.827998541666666,24.156157083333333,72.423506875,7.89346875,356.49,54832.72,748.85
2015-12-07,209.86630354166667,108.174094375,185.81189666666666,0.0,57.602083541666666,24.054406875,74.38091270833333,8.346496041666667,361.71,55786.96,763.98
2015-12-08,208.07867270833333,108.19927083333333,184.1314275,0.0,59.02969145833333,23.94724520833333,69.910693125,8.226480416666666,406.31,62594.94,808.52
2015-12-09,207.58881869115092,108.19228644663708,184.40459835541583,0.0,13.989628958333334,23.1842203357351,73.22438250467894,7.709447011220625,97.79,15245.96,191.92
2015-12-10,220.54468,103.91367,156.56424,0.0,0.0,63.98044,9.69294,37.69462,0.0,0.0,0.0
2015-12-11,226.23467,103.16542,159.64399,0.0,0.0,66.59068,8.57583,40.13406,0.0,0.0,0.0
2015-12-12,231.20539,102.68904,162.14554,0.0,0.0,69.05985,10.69172,42.57012,0.0,0.0,0.0
2015-12-13,235.40119,102.27907,162.80231,0.0,0.0,72.59888,11.14661,46.19139,0.0,0.0,0.0
2015-12-14,240.02398,101.91005,161.43058,0.0,0.0,78.5934,8.98769,52.27252,0.0,0.0,0.0
2015-12-15,244.59612,101.53365,157.33034,0.0,0.0,87.26578,8.81214,61.04775,0.0,0.0,0.0
2015-12-16,253.41408,101.61528,157.65883,0.0,0.0,95.75525,9.97265,69.57245,0.0,0.0,0.0
2015-12-17,262.17839,101.57032,161.03186,0.0,0.0,101.14653,10.89734,74.99936,0.0,0.0,0.0
2015-12-18,267.45446,101.4684,163.0198,0.0,0.0,104.43466,10.9381,78.327,0.0,0.0,0.0
2015-12-19,270.94927,101.36559,164.35599,0.0,0.0,106.59328,11.22688,80.51006,0.0,0.0,0.0
2015-12-20,273.82417,101.27588,165.41491,0.0,0.0,108.40926,10.65334,82.36431,0.0,0.0,0.0
2015-12-21,276.62307,101.19399,166.43879,0.0,0.0,110.18428,9.34765,84.15921,0.0,0.0,0.0
2015-12-22,279.22967,101.11759,167.3782,0.0,0.0,111.85147,9.951,85.81247,0.0,0.0,0.0
2015-12-23,281.64261,101.04879,168.20218,0.0,0.0,113.44043,9.29107,87.7359,0.0,0.0,0.0
2015-12-24,283.95278,100.98334,168.9671,0.0,0.0,114.98568,9.73804,89.37185,0.0,0.0,0.0
2015-12-25,286.07497,100.92447,169.66594,0.0,0.0,116.40903,9.04582,90.80319,0.0,0.0,0.0
2015-12-26,288.10759,100.86851,170.34529,0.0,0.0,117.7623,9.49632,92.15967,0.0,0.0,0.0
2015-12-27,289.94687,100.81558,170.88379,0.0,0.0,119.06308,7.81287,93.44714,0.0,0.0,0.0
2015-12-28,291.55244,100.76586,171.39193,0.0,0.0,120.16051,9.04121,94.57904,0.0,0.0,0.0
2015-12-29,292.98944,100.71885,171.81805,0.0,0.0,121.17139,9.55552,95.58303,0.0,0.0,0.0
2015-12-30,294.82102,100.67697,172.3222,0.0,0.0,122.49882,10.40459,96.89867,0.0,0.0,0.0
2015-12-31,295.86217,100.63463,172.69431,0.0,0.0,123.16786,9.49062,97.56863,0.0,0.0,0.0
2016-01-01,296.91634,100.59455,172.98069,0.0,0.0,123.93565,8.64765,98.35123,0.0,0.0,0.0
2016-01-02,298.10063,100.55914,173.39155,0.0,0.0,124.70908,8.65041,99.05404,0.0,0.0,0.0
2016-01-03,299.24712,100.52497,173.74605,0.0,0.00224625,125.50107,4.81017,93.93757,0.0,0.0,0.0
2016-01-04,284.2686507349632,106.15974488270892,242.97324766610862,0.0,26.607074791666665,41.295403068854604,25.043062457036037,24.84099743087102,82.82,13437.44,203.14
2016-01-05,277.91566208333336,107.54915333333334,250.45625833333332,0.0,49.877799375,27.45940375,51.209793125,13.16611625,32.67,5277.18,843.45
2016-01-06,264.79162104166664,108.05980645833333,239.25224645833333,0.0,57.80311041666667,25.539374583333334,77.96664333333334,9.769242708333334,93.87,15281.59,1465.71
2016-01-07,255.15576604166668,108.17995625,228.29286916666666,0.0,57.47243,26.862896875,79.187146875,11.103118333333333,164.52,26623.23,1413.28
2016-01-08,249.94423041666667,108.17290125,220.727464375,0.0,54.51911208333333,29.216766041666666,76.90826916666667,13.466975833333333,194.43,31122.32,1122.39
2016-01-09,246.17809916666667,108.14932895833333,215.68324708333333,0.0,53.01708979166666,30.494852083333335,74.29704166666667,14.75609125,205.53,32916.43,969.51
2016-01-10,244.58841625,108.072219375,214.33877270833332,0.0,52.210673541666665,30.249643541666668,69.10909479166666,14.515705208333333,187.41,30048.94,810.95
2016-01-11,243.19835833333335,108.03193958333334,213.86167729166667,0.0,51.28628979166667,29.336681041666665,66.23697770833333,13.615655833333333,170.45,27228.48,733.88
2016-01-12,242.52623416666665,108.00059479166667,214.203385625,0.0,51.57828333333333,28.322848541666666,68.36913875,12.606638125,156.61,24965.04,684.72
2016-01-13,240.05871421042553,108.07225423291489,211.83025746881276,0.0,52.317711458333335,28.228456741612767,71.19905921062127,13.066895358940426,232.69,37108.69,846.22
2016-01-14,236.32052958333333,108.11989895833334,206.53876,0.0,52.69472979166667,29.781769583333332,71.27911125,14.093458333333333,258.42,39859.18,870.9
2016-01-15,235.44490104166667,108.05506583333333,207.14949729166668,0.0,52.143671875,28.29540375,68.10737416666667,12.614415208333334,199.68,31090.57,726.91
2016-01-16,234.17181916666667,108.04750125,206.73958875,0.0,52.301532083333335,27.432230416666666,70.52714708333333,11.752787916666666,199.16,30911.67,694.91
2016-01-17,233.165051875,108.03418229166667,206.49438479166668,0.0,52.331526875,26.670667083333335,70.704179375,10.999564166666667,197.21,30602.33,672.47
2016-01-18,231.72619479166667,108.05649625,205.17980645833333,0.0,52.809105,26.546388333333333,69.805816875,10.865480416666667,197.52,30750.88,703.93
2016-01-19,229.55971604166666,108.108315,202.68760145833335,0.0,53.833058333333334,26.87211458333333,73.30598229166667,11.185083333333333,257.83,40019.51,780.82
2016-01-20,227.72194960860938,107.98662598991307,201.33986512958336,0.0,33.37631770833333,26.382084479026013,69.34320803128524,10.606488755345273,150.62,24432.48,493.09
2016-01-21,239.76362,104.32764,198.18547,0.0,0.0,41.57815,11.2007,14.7454,0.0,0.0,0.0
2016-01-22,245.02316,103.26429,200.60081,0.0,0.0,44.42235,7.88432,17.04895,0.0,0.0,0.0
2016-01-23,249.50319,102.55403,198.62774,0.0,0.0,50.87545,9.46997,24.7199,0.0,0.0,0.0
2016-01-24,253.68744,101.96489,190.2732,0.0,0.0,63.41424,9.57524,37.76439,0.0,0.0,0.0
2016-01-25,257.35424,101.65125,182.53031,0.0,0.0,74.82393,10.42585,52.10771,0.0,0.0,0.0
2016-01-26,260.62904,101.45181,178.38143,0.0,0.0,82.24761,9.00096,57.77609,0.0,0.0,0.0
2016-01-27,263.60529,101.30127,173.76666,0.0,0.0,89.83863,11.00012,74.28783,0.0,0.0,0.0
2016-01-28,266.35992,101.17731,170.21018,0.0,0.0,96.14974,9.22478,80.59303,0.0,0.0,0.0
2016-01-29,269.3992,101.12192,167.72286,0.0,0.0,101.67634,8.93071,86.11885,0.0,0.0,0.0
2016-01-30,275.57589,101.19147,169.14974,0.0,0.0,106.42615,6.40678,90.8682,0.0,0.0,0.0
2016-01-31,281.12536,101.13584,170.89325,0.0,0.0,110.23211,8.15822,94.68196,0.0,0.0,0.0
2016-02-01,285.1463,101.0667,172.01315,0.0,0.0,113.13315,8.65017,97.5815,0.0,0.0,0.0
2016-02-02,287.79175,101.00138,172.78501,0.0,0.0,115.00674,8.48979,99.44552,0.0,0.0,0.0
2016-02-03,290.30924,100.94116,173.52974,0.0,0.0,116.7795,9.14198,101.24177,0.0,0.0,0.0
2016-02-04,292.63463,100.88207,174.17875,0.0,0.0,118.45588,8.92721,102.72078,0.0,0.0,0.0
2016-02-05,294.36042,100.82577,174.59381,0.0,0.0,119.76661,8.52335,102.89141,0.0,0.0,0.0
2016-02-06,282.7710116874292,105.03181734994338,233.97337381653455,0.0,40.326566041666666,48.797637870894675,17.865174722536807,27.942738822197054,65.72,10185.48,203.44
2016-02-07,272.3243097916667,107.662085,248.42330020833333,0.0,53.381676666666664,23.901009583333334,48.519867291666664,8.206642708333334,52.25,8288.1,991.31
2016-02-08,265.137895,107.89827104166666,240.19115083333332,0.0,54.219458125,24.946744166666665,68.16659291666667,9.212714583333334,72.77,11560.47,1062.13
2016-02-09,258.2538127083333,108.055584375,230.12273520833332,0.0,54.16731395833333,28.1310775,72.82864458333333,12.387740625,118.71,18956.75,1056.77
2016-02-10,251.45104333333333,108.14948020833333,220.04723895833334,0.0,54.142060416666666,31.403804375,78.309158125,15.645335208333334,207.31,32150.46,1108.05
2016-02-11,245.655401875,108.17973291666667,212.439634375,0.0,54.17009291666667,33.2157675,77.27494729166666,17.429410833333332,210.23,32735.29,1086.8
2016-02-12,241.0797625,108.15633875,207.77546875,0.0,53.736417708333335,33.30429375,74.4874925,17.287176458333334,308.45,47811.78,937.87
2016-02-13,239.048121875,108.06961208333334,207.38210291666667,0.0,52.608562291666665,31.666018958333332,72.97353770833334,15.687754583333334,293.21,45604.08,791.15
2016-02-14,236.79045958333333,108.0579075,206.32403458333334,0.0,52.71173125,30.466425,72.49527708333333,14.497853333333333,241.12,37809.55,762.75
2016-02-15,234.79026145833333,108.040625625,205.39520583333334,0.0,52.63981979166667,29.395055625,71.677284375,13.452901875,239.99,37454.5,758.97
2016-02-16,233.137934375,108.02263395833333,204.57507791666666,0.0,52.647161458333336,28.562856458333332,61.752515,12.625765625,237.43,37227.14,756.16
2016-02-17,231.65140770833332,108.00969520833333,203.59418875,0.0,52.618571875,28.057218958333333,60.882714166666666,12.114534583333333,236.6,36907.86,747.61
2016-02-18,230.40704520833333,107.99479770833334,202.930359375,0.0,52.604102708333336,27.476685833333335,68.71222020833333,11.540823541666667,232.24,36516.14,743.64
2016-02-19,229.32983208333334,107.983375625,202.433918125,0.0,52.6160475,26.895913958333335,60.63458979166667,10.958785,298.12,46879.05,656.99
2016-02-20,228.53471708333333,107.96923625,202.37217145833333,0.0,52.570600416666665,26.162545625,64.9982175,10.24949375,307.88,47840.2,668.78
2016-02-21,227.42270479166666,107.9999125,201.22418208333335,0.0,53.22882729166667,26.198522708333332,67.60594708333333,10.3268175,296.78,47176.84,681.94
2016-02-22,225.84337166666666,108.01822479166667,199.947930625,0.0,53.596062708333335,25.89544104166667,70.94208520833334,9.92307625,304.54,48861.31,706.98
2016-02-23,225.18774604166666,108.00208854166667,200.213585625,0.0,53.547580833333335,24.974160416666667,69.88051354166667,9.0277075,303.99,48622.08,713.2
2016-02-24,224.60272416666666,108.02066770833333,199.88546520833333,0.0,54.271806875,24.717258958333332,70.60494291666667,8.759052083333334,327.03,52069.96,717.19
2016-02-25,222.38222791666666,108.08101041666667,196.96823229166668,0.0,54.970360416666665,25.413995625,72.95335958333334,9.411443333333333,338.24,53575.88,741.15
2016-02-26,223.45620305588398,107.8121950761974,204.62545854511845,0.0,15.770389791666666,18.830744510765545,62.426393156673434,3.7046509657266364,24.87,4018.22,51.7
2016-02-27,237.50144,103.91622,195.65174,0.0,0.0,41.8497,10.39026,26.30458,0.0,0.0,0.0
2016-02-28,241.88953065080867,104.42213726716356,225.79995257496768,0.0,2.6284327083333334,16.08957807584101,13.927555335004467,7.980613900452006,0.55,88.63,1.15
2016-02-29,247.9753,102.88917,228.33982,0.0,0.24177770833333334,19.63548,7.93917,4.09736,0.0,0.0,0.0
2016-03-01,252.87792,102.44007,228.15594,0.0,0.27123395833333336,24.72198,6.60352,9.23086,0.0,0.0,0.0
2016-03-02,257.12638,101.92745,221.49965,0.0,0.25388479166666666,35.62673,8.77244,20.05798,0.0,0.0,0.0
2016-03-03,260.85238,101.4788,205.87382,0.0,0.24660520833333333,54.97856,10.83575,39.42177,0.0,0.0,0.0
2016-03-04,264.26216,101.32223,195.28616,0.0,0.23400916666666666,68.976,9.74666,53.41742,0.0,0.0,0.0
2016-03-05,267.41455,101.21002,188.30756,0.0,0.22291666666666668,79.10699,9.04484,63.54831,0.0,0.0,0.0
2016-03-06,270.32439,101.11702,184.8762,0.0,0.20748020833333333,85.44819,8.1795,69.92948,0.0,0.0,0.0
2016-03-07,273.01762,100.99751,268.28352,0.0,0.20584833333333333,4.7341,9.0658,1.32397,0.0,0.0,0.0
2016-03-08,275.42537,100.79749,267.08055,0.0,0.20530541666666666,8.34482,14.73705,7.14879,0.0,0.0,0.0
2016-03-09,277.74773,100.79151,222.88536,0.0,0.1994375,54.86237,7.89289,53.50631,0.0,0.0,0.0
2016-03-10,279.67874,100.88345,193.62158,0.0,0.19607854166666666,86.05716,8.39853,84.56365,0.0,0.0,0.0
2016-03-11,281.27187,100.85911,189.41916,0.0,0.19360270833333335,91.85271,7.55466,90.22551,0.0,0.0,0.0
2016-03-12,285.42016,100.9002,188.4865,0.0,0.1853425,96.93366,7.27874,95.17302,0.0,0.0,0.0
2016-03-13,290.39052,100.87629,189.1242,0.0,0.19915666666666668,101.26632,7.54609,99.37323,0.0,0.0,0.0
2016-03-14,294.40114,100.83834,189.63899,0.0,0.21272729166666668,104.76215,9.6713,102.7018,0.0,0.0,0.0
2016-03-15,297.50054,100.79753,190.03586,0.0,0.188889375,107.46468,11.25257,105.23964,0.0,0.0,0.0
2016-03-16,299.72169,100.75563,190.3118,0.0,0.18592,109.40989,11.26849,107.02833,0.0,0.0,0.0
2016-03-17,289.0796756962,105.43034812814219,241.51551849973322,0.0,39.20017375,47.56415719646682,24.626024255377136,27.177734846594383,50.3,8086.5,764.44
2016-03-18,281.1776664583333,107.556916875,253.2637475,0.0,49.500873125,27.913918958333333,57.58435125,12.343903958333334,37.98,6203.4,843.53
2016-03-19,275.3207614583333,107.798950625,248.43071416666666,0.0,51.160925625,26.890047291666665,61.414281875,11.249908958333334,63.63,10454.85,930.53
2016-03-20,270.345040625,107.89491270833334,241.73138208333333,0.0,51.054733125,28.613658541666666,70.084105625,12.96471625,81.67,13263.03,858.15
2016-03-21,265.65120625,107.97627446808511,234.77194041666667,0.0,51.042125416666664,30.879265833333335,71.74652583333334,15.1982625,108.85,17786.79,919.01
2016-03-22,260.900588125,108.05586895833333,228.73571083333334,0.0,51.69106729166667,32.16487729166667,73.86543666666667,16.475325,189.41,30603.4,985.24
2016-03-23,255.50552208333335,108.12585395833334,221.918106875,0.0,52.67782833333333,33.58741520833333,74.74770583333333,17.494782083333334,243.92,39159.61,976.46
2016-03-24,250.39332875,108.14880395833333,216.01095729166667,0.0,52.949425416666664,34.38237145833333,68.64098,18.07255125,246.84,40029.36,983.16
2016-03-25,246.17318145833335,108.13793041666666,211.992870625,0.0,52.93515,34.18031083333333,72.98476104166667,17.985931041666667,248.04,40439.71,935.67
2016-03-26,241.95944083333333,108.14953854166667,208.72107166666666,0.0,53.88785583333333,33.238369166666665,68.79303895833333,17.027582916666667,265.31,43614.43,913.22
2016-03-27,238.13177608695653,108.139165,206.27003130434784,0.0,54.10047478260869,31.861744782608696,67.32370326086956,15.657578913043478,253.28,42107.87,871.58
2016-03-28,235.06083708333333,108.12462395833333,204.56298895833334,0.0,54.32923666666667,30.497848125,73.93519375,14.288137708333334,271.68,44972.96,881.85
2016-03-29,231.52434916666667,108.130190625,202.04408833333332,0.0,54.763819375,29.480260833333332,76.35266583333333,13.279911875,275.74,45175.9,894.32
2016-03-30,228.85289354166667,108.10638458333334,200.457141875,0.0,54.743668125,28.395751666666666,74.6300025,12.211643541666668,293.43,48066.95,832.66
2016-03-31,226.55527291666667,108.09098875,198.96521020833333,0.0,54.69002416666667,27.590062708333335,74.72568,11.86001,287.42,46865.43,821.07
2016-04-01,224.56829020833334,108.07355083333333,197.51136041666666,0.0,54.770475833333336,27.056929791666665,67.33376520833333,11.37514375,299.49,48700.43,794.2
2016-04-02,223.01174291666666,108.05752375,196.62921958333334,0.0,54.687739791666665,26.382523333333335,69.55935083333334,10.680640208333333,284.72,46880.14,766.23
2016-04-03,221.81307270833332,108.04393791666666,196.13257145833333,0.0,54.724105,25.68050125,72.502124375,9.909726875,280.17,45842.82,748.25
2016-04-04,220.77974666666665,108.041948125,195.66494104166668,0.0,55.067946666666664,25.114805625,71.750353125,9.197132291666666,281.93,45800.83,797.3
2016-04-05,218.752345,108.07781083333333,193.41118875,0.0,55.99812791666667,25.34115625,72.21835854166666,9.101047291666667,317.38,51990.65,792.76
2016-04-06,218.43779135552526,107.85663718691342,192.8301970992447,0.0,45.143435,25.607594256280557,66.56839864804736,9.829701290608062,208.0,34998.3,542.39
2016-04-07,228.19915,104.81853,191.13706,0.0,0.0,37.06209,19.72007,14.37016,0.0,0.0,0.0
2016-04-08,234.97972,103.62807,224.16019,0.0,0.7128079166666667,10.81953,7.47569,4.90338,0.0,0.0,0.0
2016-04-09,239.91532,103.03249,237.09576,0.0,0.7791114583333333,2.81956,2.07781,3.85631,0.0,0.0,0.0
2016-04-10,244.88923,102.62845,236.22276,0.0,0.0,8.66647,6.89301,0.06811,0.0,0.0,0.0
2016-04-11,249.40791,102.13199,241.94795,0.0,0.0,7.45996,9.13988,0.21636,0.0,0.0,0.0
2016-04-12,253.41045,101.71992,246.96501,0.0,0.0,6.44544,10.01123,0.78385,0.0,0.0,0.0
2016-04-13,256.98973,101.50901,249.88227,0.0,0.0,7.10746,10.23702,0.49567,0.0,0.0,0.0
2016-04-14,260.28367,101.37176,252.51157,0.0,0.0,7.7721,11.29936,0.24915,0.0,0.0,0.0
2016-04-15,263.32662,101.26892,255.06325,0.0,0.0,8.26337,10.53967,0.07714,0.0,0.0,0.0
2016-04-16,266.14787,101.17,257.47316,0.0,0.0,8.67471,10.07883,0.06803,0.0,0.0,0.0
2016-04-17,270.26849,101.19807,263.77035,0.0,0.0,6.49814,9.80247,2.64528,0.0,0.0,0.0
2016-04-18,276.86895,101.23102,263.15498,0.0,0.0,13.71397,11.74224,4.12,0.0,0.0,0.0
2016-04-19,282.10538,101.17754,273.52959,0.0,0.265188125,8.57579,10.11906,1.86628,0.0,0.0,0.0
2016-04-20,285.09577,101.13142,266.81551,0.0,0.0,18.28026,9.87213,7.41391,0.0,0.0,0.0
2016-04-21,0.0,0.0,0.0,0.0,0.0,0.0,0.0,0.0,0.0,0.0,0.0
